USE TradeAnalytics;

-- country
INSERT INTO country (id, name, iso2) VALUES (1, 'Andorra', 'AD');
INSERT INTO country (id, name, iso2) VALUES (2, 'United Arab Emirates', 'AE');
INSERT INTO country (id, name, iso2) VALUES (3, 'Afghanistan', 'AF');
INSERT INTO country (id, name, iso2) VALUES (4, 'Antigua and Barbuda', 'AG');
INSERT INTO country (id, name, iso2) VALUES (5, 'Anguilla', 'AI');
INSERT INTO country (id, name, iso2) VALUES (6, 'Albania', 'AL');
INSERT INTO country (id, name, iso2) VALUES (7, 'Armenia', 'AM');
INSERT INTO country (id, name, iso2) VALUES (8, 'Angola', 'AO');
INSERT INTO country (id, name, iso2) VALUES (9, 'Antarctica', 'AQ');
INSERT INTO country (id, name, iso2) VALUES (10, 'Argentina', 'AR');
INSERT INTO country (id, name, iso2) VALUES (11, 'American Samoa', 'AS');
INSERT INTO country (id, name, iso2) VALUES (12, 'Austria', 'AT');
INSERT INTO country (id, name, iso2) VALUES (13, 'Australia', 'AU');
INSERT INTO country (id, name, iso2) VALUES (14, 'Aruba', 'AW');
INSERT INTO country (id, name, iso2) VALUES (15, 'Azerbaijan', 'AZ');
INSERT INTO country (id, name, iso2) VALUES (16, 'Bosnia and Herzegovina', 'BA');
INSERT INTO country (id, name, iso2) VALUES (17, 'Barbados', 'BB');
INSERT INTO country (id, name, iso2) VALUES (18, 'Bangladesh', 'BD');
INSERT INTO country (id, name, iso2) VALUES (19, 'Belgium', 'BE');
INSERT INTO country (id, name, iso2) VALUES (20, 'Burkina Faso', 'BF');
INSERT INTO country (id, name, iso2) VALUES (21, 'Bulgaria', 'BG');
INSERT INTO country (id, name, iso2) VALUES (22, 'Bahrain', 'BH');
INSERT INTO country (id, name, iso2) VALUES (23, 'Burundi', 'BI');
INSERT INTO country (id, name, iso2) VALUES (24, 'Benin', 'BJ');
INSERT INTO country (id, name, iso2) VALUES (25, 'Saint Barthélemy', 'BL');
INSERT INTO country (id, name, iso2) VALUES (26, 'Bermuda', 'BM');
INSERT INTO country (id, name, iso2) VALUES (27, 'Brunei', 'BN');
INSERT INTO country (id, name, iso2) VALUES (28, 'Bolivia', 'BO');
INSERT INTO country (id, name, iso2) VALUES (29, 'Caribbean Netherlands', 'BQ');
INSERT INTO country (id, name, iso2) VALUES (30, 'Brazil', 'BR');
INSERT INTO country (id, name, iso2) VALUES (31, 'Bahamas', 'BS');
INSERT INTO country (id, name, iso2) VALUES (32, 'Bhutan', 'BT');
INSERT INTO country (id, name, iso2) VALUES (33, 'Botswana', 'BW');
INSERT INTO country (id, name, iso2) VALUES (34, 'Belarus', 'BY');
INSERT INTO country (id, name, iso2) VALUES (35, 'Belize', 'BZ');
INSERT INTO country (id, name, iso2) VALUES (36, 'Canada', 'CA');
INSERT INTO country (id, name, iso2) VALUES (37, 'Cocos (Keeling) Islands', 'CC');
INSERT INTO country (id, name, iso2) VALUES (38, 'Democratic Republic of the Congo', 'CD');
INSERT INTO country (id, name, iso2) VALUES (39, 'Central African Republic', 'CF');
INSERT INTO country (id, name, iso2) VALUES (40, 'Republic of the Congo', 'CG');
INSERT INTO country (id, name, iso2) VALUES (41, 'Switzerland', 'CH');
INSERT INTO country (id, name, iso2) VALUES (42, 'Côte d''Ivoire', 'CI');
INSERT INTO country (id, name, iso2) VALUES (43, 'Cook Islands', 'CK');
INSERT INTO country (id, name, iso2) VALUES (44, 'Chile', 'CL');
INSERT INTO country (id, name, iso2) VALUES (45, 'Cameroon', 'CM');
INSERT INTO country (id, name, iso2) VALUES (46, 'China', 'CN');
INSERT INTO country (id, name, iso2) VALUES (47, 'Colombia', 'CO');
INSERT INTO country (id, name, iso2) VALUES (48, 'Costa Rica', 'CR');
INSERT INTO country (id, name, iso2) VALUES (49, 'Cuba', 'CU');
INSERT INTO country (id, name, iso2) VALUES (50, 'Cape Verde', 'CV');
INSERT INTO country (id, name, iso2) VALUES (51, 'Curaçao', 'CW');
INSERT INTO country (id, name, iso2) VALUES (52, 'Christmas Island', 'CX');
INSERT INTO country (id, name, iso2) VALUES (53, 'Cyprus', 'CY');
INSERT INTO country (id, name, iso2) VALUES (54, 'Czech Republic', 'CZ');
INSERT INTO country (id, name, iso2) VALUES (55, 'Germany', 'DE');
INSERT INTO country (id, name, iso2) VALUES (56, 'Djibouti', 'DJ');
INSERT INTO country (id, name, iso2) VALUES (57, 'Denmark', 'DK');
INSERT INTO country (id, name, iso2) VALUES (58, 'Dominica', 'DM');
INSERT INTO country (id, name, iso2) VALUES (59, 'Dominican Republic', 'DO');
INSERT INTO country (id, name, iso2) VALUES (60, 'Algeria', 'DZ');
INSERT INTO country (id, name, iso2) VALUES (61, 'Ecuador', 'EC');
INSERT INTO country (id, name, iso2) VALUES (62, 'Estonia', 'EE');
INSERT INTO country (id, name, iso2) VALUES (63, 'Egypt', 'EG');
INSERT INTO country (id, name, iso2) VALUES (64, 'Western Sahara (disputed territory)', 'EH');
INSERT INTO country (id, name, iso2) VALUES (65, 'Eritrea', 'ER');
INSERT INTO country (id, name, iso2) VALUES (66, 'Spain', 'ES');
INSERT INTO country (id, name, iso2) VALUES (67, 'Ethiopia', 'ET');
INSERT INTO country (id, name, iso2) VALUES (68, 'Finland', 'FI');
INSERT INTO country (id, name, iso2) VALUES (69, 'Fiji', 'FJ');
INSERT INTO country (id, name, iso2) VALUES (70, 'Falkland Islands', 'FK');
INSERT INTO country (id, name, iso2) VALUES (71, 'Micronesia', 'FM');
INSERT INTO country (id, name, iso2) VALUES (72, 'Faroe Islands', 'FO');
INSERT INTO country (id, name, iso2) VALUES (73, 'France', 'FR');
INSERT INTO country (id, name, iso2) VALUES (74, 'Gabon', 'GA');
INSERT INTO country (id, name, iso2) VALUES (75, 'United Kingdom', 'GB');
INSERT INTO country (id, name, iso2) VALUES (76, 'Grenada', 'GD');
INSERT INTO country (id, name, iso2) VALUES (77, 'Georgia', 'GE');
INSERT INTO country (id, name, iso2) VALUES (78, 'French Guiana', 'GF');
INSERT INTO country (id, name, iso2) VALUES (79, 'Guernsey', 'GG');
INSERT INTO country (id, name, iso2) VALUES (80, 'Ghana', 'GH');
INSERT INTO country (id, name, iso2) VALUES (81, 'Gibraltar', 'GI');
INSERT INTO country (id, name, iso2) VALUES (82, 'Greenland', 'GL');
INSERT INTO country (id, name, iso2) VALUES (83, 'Gambia', 'GM');
INSERT INTO country (id, name, iso2) VALUES (84, 'Guinea', 'GN');
INSERT INTO country (id, name, iso2) VALUES (85, 'Guadeloupe', 'GP');
INSERT INTO country (id, name, iso2) VALUES (86, 'Equatorial Guinea', 'GQ');
INSERT INTO country (id, name, iso2) VALUES (87, 'Greece', 'GR');
INSERT INTO country (id, name, iso2) VALUES (88, 'South Georgia and the South Sandwich Islands', 'GS');
INSERT INTO country (id, name, iso2) VALUES (89, 'Guatemala', 'GT');
INSERT INTO country (id, name, iso2) VALUES (90, 'Guam', 'GU');
INSERT INTO country (id, name, iso2) VALUES (91, 'Guinea-Bissau', 'GW');
INSERT INTO country (id, name, iso2) VALUES (92, 'Guyana', 'GY');
INSERT INTO country (id, name, iso2) VALUES (93, 'Hong Kong', 'HK');
INSERT INTO country (id, name, iso2) VALUES (94, 'Heard and McDonald Islands', 'HM');
INSERT INTO country (id, name, iso2) VALUES (95, 'Honduras', 'HN');
INSERT INTO country (id, name, iso2) VALUES (96, 'Croatia', 'HR');
INSERT INTO country (id, name, iso2) VALUES (97, 'Haiti', 'HT');
INSERT INTO country (id, name, iso2) VALUES (98, 'Hungary', 'HU');
INSERT INTO country (id, name, iso2) VALUES (99, 'Indonesia', 'ID');
INSERT INTO country (id, name, iso2) VALUES (100, 'Ireland', 'IE');
INSERT INTO country (id, name, iso2) VALUES (101, 'Israel', 'IL');
INSERT INTO country (id, name, iso2) VALUES (102, 'Isle of Man', 'IM');
INSERT INTO country (id, name, iso2) VALUES (103, 'India', 'IN');
INSERT INTO country (id, name, iso2) VALUES (104, 'British Indian Ocean Territory', 'IO');
INSERT INTO country (id, name, iso2) VALUES (105, 'Iraq', 'IQ');
INSERT INTO country (id, name, iso2) VALUES (106, 'Iran', 'IR');
INSERT INTO country (id, name, iso2) VALUES (107, 'Iceland', 'IS');
INSERT INTO country (id, name, iso2) VALUES (108, 'Italy', 'IT');
INSERT INTO country (id, name, iso2) VALUES (109, 'Jersey', 'JE');
INSERT INTO country (id, name, iso2) VALUES (110, 'Jamaica', 'JM');
INSERT INTO country (id, name, iso2) VALUES (111, 'Jordan', 'JO');
INSERT INTO country (id, name, iso2) VALUES (112, 'Japan', 'JP');
INSERT INTO country (id, name, iso2) VALUES (113, 'Kenya', 'KE');
INSERT INTO country (id, name, iso2) VALUES (114, 'Kyrgyzstan', 'KG');
INSERT INTO country (id, name, iso2) VALUES (115, 'Cambodia', 'KH');
INSERT INTO country (id, name, iso2) VALUES (116, 'Kiribati', 'KI');
INSERT INTO country (id, name, iso2) VALUES (117, 'Comoros', 'KM');
INSERT INTO country (id, name, iso2) VALUES (118, 'Saint Kitts and Nevis', 'KN');
INSERT INTO country (id, name, iso2) VALUES (119, 'North Korea', 'KP');
INSERT INTO country (id, name, iso2) VALUES (120, 'South Korea', 'KR');
INSERT INTO country (id, name, iso2) VALUES (121, 'Kuwait', 'KW');
INSERT INTO country (id, name, iso2) VALUES (122, 'Cayman Islands', 'KY');
INSERT INTO country (id, name, iso2) VALUES (123, 'Kazakhstan', 'KZ');
INSERT INTO country (id, name, iso2) VALUES (124, 'Laos', 'LA');
INSERT INTO country (id, name, iso2) VALUES (125, 'Lebanon', 'LB');
INSERT INTO country (id, name, iso2) VALUES (126, 'Saint Lucia', 'LC');
INSERT INTO country (id, name, iso2) VALUES (127, 'Liechtenstein', 'LI');
INSERT INTO country (id, name, iso2) VALUES (128, 'Sri Lanka', 'LK');
INSERT INTO country (id, name, iso2) VALUES (129, 'Liberia', 'LR');
INSERT INTO country (id, name, iso2) VALUES (130, 'Lesotho', 'LS');
INSERT INTO country (id, name, iso2) VALUES (131, 'Lithuania', 'LT');
INSERT INTO country (id, name, iso2) VALUES (132, 'Luxembourg', 'LU');
INSERT INTO country (id, name, iso2) VALUES (133, 'Latvia', 'LV');
INSERT INTO country (id, name, iso2) VALUES (134, 'Libya', 'LY');
INSERT INTO country (id, name, iso2) VALUES (135, 'Morocco', 'MA');
INSERT INTO country (id, name, iso2) VALUES (136, 'Monaco', 'MC');
INSERT INTO country (id, name, iso2) VALUES (137, 'Moldova', 'MD');
INSERT INTO country (id, name, iso2) VALUES (138, 'Montenegro', 'ME');
INSERT INTO country (id, name, iso2) VALUES (139, 'Saint Martin', 'MF');
INSERT INTO country (id, name, iso2) VALUES (140, 'Madagascar', 'MG');
INSERT INTO country (id, name, iso2) VALUES (141, 'Marshall Islands', 'MH');
INSERT INTO country (id, name, iso2) VALUES (142, 'North Macedonia', 'MK');
INSERT INTO country (id, name, iso2) VALUES (143, 'Mali', 'ML');
INSERT INTO country (id, name, iso2) VALUES (144, 'Myanmar', 'MM');
INSERT INTO country (id, name, iso2) VALUES (145, 'Mongolia', 'MN');
INSERT INTO country (id, name, iso2) VALUES (146, 'Macau', 'MO');
INSERT INTO country (id, name, iso2) VALUES (147, 'Northern Mariana Islands', 'MP');
INSERT INTO country (id, name, iso2) VALUES (148, 'Martinique', 'MQ');
INSERT INTO country (id, name, iso2) VALUES (149, 'Mauritania', 'MR');
INSERT INTO country (id, name, iso2) VALUES (150, 'Montserrat', 'MS');
INSERT INTO country (id, name, iso2) VALUES (151, 'Malta', 'MT');
INSERT INTO country (id, name, iso2) VALUES (152, 'Mauritius', 'MU');
INSERT INTO country (id, name, iso2) VALUES (153, 'Maldives', 'MV');
INSERT INTO country (id, name, iso2) VALUES (154, 'Malawi', 'MW');
INSERT INTO country (id, name, iso2) VALUES (155, 'Mexico', 'MX');
INSERT INTO country (id, name, iso2) VALUES (156, 'Malaysia', 'MY');
INSERT INTO country (id, name, iso2) VALUES (157, 'Mozambique', 'MZ');
INSERT INTO country (id, name, iso2) VALUES (158, 'Namibia', 'NB');
INSERT INTO country (id, name, iso2) VALUES (159, 'New Caledonia', 'NC');
INSERT INTO country (id, name, iso2) VALUES (160, 'Niger', 'NE');
INSERT INTO country (id, name, iso2) VALUES (161, 'Norfolk Island', 'NF');
INSERT INTO country (id, name, iso2) VALUES (162, 'Nigeria', 'NG');
INSERT INTO country (id, name, iso2) VALUES (163, 'Nicaragua', 'NI');
INSERT INTO country (id, name, iso2) VALUES (164, 'Netherlands', 'NL');
INSERT INTO country (id, name, iso2) VALUES (165, 'Norway', 'NO');
INSERT INTO country (id, name, iso2) VALUES (166, 'Nepal', 'NP');
INSERT INTO country (id, name, iso2) VALUES (167, 'Nauru', 'NR');
INSERT INTO country (id, name, iso2) VALUES (168, 'Niue', 'NU');
INSERT INTO country (id, name, iso2) VALUES (169, 'New Zealand', 'NZ');
INSERT INTO country (id, name, iso2) VALUES (170, 'Oman', 'OM');
INSERT INTO country (id, name, iso2) VALUES (171, 'Panama', 'PA');
INSERT INTO country (id, name, iso2) VALUES (172, 'Peru', 'PE');
INSERT INTO country (id, name, iso2) VALUES (173, 'French Polynesia', 'PF');
INSERT INTO country (id, name, iso2) VALUES (174, 'Papua New Guinea', 'PG');
INSERT INTO country (id, name, iso2) VALUES (175, 'Philippines', 'PH');
INSERT INTO country (id, name, iso2) VALUES (176, 'Pakistan', 'PK');
INSERT INTO country (id, name, iso2) VALUES (177, 'Poland', 'PL');
INSERT INTO country (id, name, iso2) VALUES (178, 'Saint Pierre and Miquelon', 'PM');
INSERT INTO country (id, name, iso2) VALUES (179, 'Pitcairn', 'PN');
INSERT INTO country (id, name, iso2) VALUES (180, 'Puerto Rico', 'PR');
INSERT INTO country (id, name, iso2) VALUES (181, 'Palestinian Territory', 'PS');
INSERT INTO country (id, name, iso2) VALUES (182, 'Portugal', 'PT');
INSERT INTO country (id, name, iso2) VALUES (183, 'Palau', 'PW');
INSERT INTO country (id, name, iso2) VALUES (184, 'Paraguay', 'PY');
INSERT INTO country (id, name, iso2) VALUES (185, 'Qatar', 'QA');
INSERT INTO country (id, name, iso2) VALUES (186, 'Réunion', 'RE');
INSERT INTO country (id, name, iso2) VALUES (187, 'Romania', 'RO');
INSERT INTO country (id, name, iso2) VALUES (188, 'Serbia', 'RS');
INSERT INTO country (id, name, iso2) VALUES (189, 'Russia', 'RU');
INSERT INTO country (id, name, iso2) VALUES (190, 'Rwanda', 'RW');
INSERT INTO country (id, name, iso2) VALUES (191, 'Saudi Arabia', 'SA');
INSERT INTO country (id, name, iso2) VALUES (192, 'Solomon Islands', 'SB');
INSERT INTO country (id, name, iso2) VALUES (193, 'Seychelles', 'SC');
INSERT INTO country (id, name, iso2) VALUES (194, 'Sudan', 'SD');
INSERT INTO country (id, name, iso2) VALUES (195, 'Sweden', 'SE');
INSERT INTO country (id, name, iso2) VALUES (196, 'Singapore', 'SG');
INSERT INTO country (id, name, iso2) VALUES (197, 'Saint Helena, Ascension and Tristan da Cunha', 'SH');
INSERT INTO country (id, name, iso2) VALUES (198, 'Slovenia', 'SI');
INSERT INTO country (id, name, iso2) VALUES (199, 'Slovakia', 'SK');
INSERT INTO country (id, name, iso2) VALUES (200, 'Sierra Leone', 'SL');
INSERT INTO country (id, name, iso2) VALUES (201, 'San Marino', 'SM');
INSERT INTO country (id, name, iso2) VALUES (202, 'Senegal', 'SN');
INSERT INTO country (id, name, iso2) VALUES (203, 'Somalia', 'SO');
INSERT INTO country (id, name, iso2) VALUES (204, 'Suriname', 'SR');
INSERT INTO country (id, name, iso2) VALUES (205, 'South Sudan', 'SS');
INSERT INTO country (id, name, iso2) VALUES (206, 'São Tomé and Principe', 'ST');
INSERT INTO country (id, name, iso2) VALUES (207, 'El Salvador', 'SV');
INSERT INTO country (id, name, iso2) VALUES (208, 'Sint Maarten', 'SX');
INSERT INTO country (id, name, iso2) VALUES (209, 'Syria', 'SY');
INSERT INTO country (id, name, iso2) VALUES (210, 'Eswatini', 'SZ');
INSERT INTO country (id, name, iso2) VALUES (211, 'Turks and Caicos Islands', 'TC');
INSERT INTO country (id, name, iso2) VALUES (212, 'Chad', 'TD');
INSERT INTO country (id, name, iso2) VALUES (213, 'French Southern and Antarctic Lands', 'TF');
INSERT INTO country (id, name, iso2) VALUES (214, 'Togo', 'TG');
INSERT INTO country (id, name, iso2) VALUES (215, 'Thailand', 'TH');
INSERT INTO country (id, name, iso2) VALUES (216, 'Tajikistan', 'TJ');
INSERT INTO country (id, name, iso2) VALUES (217, 'Tokelau', 'TK');
INSERT INTO country (id, name, iso2) VALUES (218, 'Timor-Leste', 'TL');
INSERT INTO country (id, name, iso2) VALUES (219, 'Turkmenistan', 'TM');
INSERT INTO country (id, name, iso2) VALUES (220, 'Tunisia', 'TN');
INSERT INTO country (id, name, iso2) VALUES (221, 'Tonga', 'TO');
INSERT INTO country (id, name, iso2) VALUES (222, 'Turkey', 'TR');
INSERT INTO country (id, name, iso2) VALUES (223, 'Trinidad and Tobago', 'TT');
INSERT INTO country (id, name, iso2) VALUES (224, 'Tuvalu', 'TV');
INSERT INTO country (id, name, iso2) VALUES (225, 'Taiwan', 'TW');
INSERT INTO country (id, name, iso2) VALUES (226, 'Tanzania', 'TZ');
INSERT INTO country (id, name, iso2) VALUES (227, 'Ukraine', 'UA');
INSERT INTO country (id, name, iso2) VALUES (228, 'Uganda', 'UG');
INSERT INTO country (id, name, iso2) VALUES (229, 'United States Minor Outlying Islands', 'UM');
INSERT INTO country (id, name, iso2) VALUES (230, 'United States', 'US');
INSERT INTO country (id, name, iso2) VALUES (231, 'Uruguay', 'UY');
INSERT INTO country (id, name, iso2) VALUES (232, 'Uzbekistan', 'UZ');
INSERT INTO country (id, name, iso2) VALUES (233, 'Vatican City', 'VA');
INSERT INTO country (id, name, iso2) VALUES (234, 'Saint Vincent and the Grenadines', 'VC');
INSERT INTO country (id, name, iso2) VALUES (235, 'Venezuela', 'VE');
INSERT INTO country (id, name, iso2) VALUES (236, 'British Virgin Islands', 'VG');
INSERT INTO country (id, name, iso2) VALUES (237, 'U.S. Virgin Islands', 'VI');
INSERT INTO country (id, name, iso2) VALUES (238, 'Vietnam', 'VN');
INSERT INTO country (id, name, iso2) VALUES (239, 'Vanuatu', 'VU');
INSERT INTO country (id, name, iso2) VALUES (240, 'Wallis and Futuna', 'WF');
INSERT INTO country (id, name, iso2) VALUES (241, 'Samoa', 'WS');
INSERT INTO country (id, name, iso2) VALUES (242, 'Kosovo', 'XK');
INSERT INTO country (id, name, iso2) VALUES (243, 'Paracel Islands (disputed)', 'XP');
INSERT INTO country (id, name, iso2) VALUES (244, 'Yemen', 'YE');
INSERT INTO country (id, name, iso2) VALUES (245, 'Mayotte', 'YT');
INSERT INTO country (id, name, iso2) VALUES (246, 'South Africa', 'ZA');
INSERT INTO country (id, name, iso2) VALUES (247, 'Zambia', 'ZM');
INSERT INTO country (id, name, iso2) VALUES (248, 'Zimbabwe', 'ZW');
INSERT INTO country (id, name, iso2) VALUES (249, 'Unknown or unassigned country', 'ZZ');

-- location
INSERT INTO location
(id, country_id, kind_id, name, code, latitude, longitude, active)
VALUES
    (1, 2, 1, 'AE', 'AE', 24.261700, 55.609200, TRUE);
INSERT INTO location
(id, country_id, kind_id, name, code, latitude, longitude, active)
VALUES
    (2, 3, 1, 'AF', 'AF', 34.565899, 69.212303, TRUE);
INSERT INTO location
(id, country_id, kind_id, name, code, latitude, longitude, active)
VALUES
    (3, 4, 1, 'AG', 'AG', 17.136700, -61.792702, TRUE);
INSERT INTO location
(id, country_id, kind_id, name, code, latitude, longitude, active)
VALUES
    (4, 5, 1, 'AI', 'AI', 18.204773, -63.053830, TRUE);
INSERT INTO location
(id, country_id, kind_id, name, code, latitude, longitude, active)
VALUES
    (5, 6, 1, 'AL', 'AL', 41.414700, 19.720600, TRUE);
INSERT INTO location
(id, country_id, kind_id, name, code, latitude, longitude, active)
VALUES
    (6, 7, 1, 'AM', 'AM', 40.148941, 44.397887, TRUE);
INSERT INTO location
(id, country_id, kind_id, name, code, latitude, longitude, active)
VALUES
    (7, 8, 1, 'AO', 'AO', -8.858370, 13.231200, TRUE);
INSERT INTO location
(id, country_id, kind_id, name, code, latitude, longitude, active)
VALUES
    (8, 9, 1, 'AQ', 'AQ', -77.530242, -31.827393, TRUE);
INSERT INTO location
(id, country_id, kind_id, name, code, latitude, longitude, active)
VALUES
    (9, 10, 1, 'AR', 'AR', -50.281997, -72.053949, TRUE);
INSERT INTO location
(id, country_id, kind_id, name, code, latitude, longitude, active)
VALUES
    (10, 11, 1, 'AS', 'AS', -14.331000, -170.710007, TRUE);
INSERT INTO location
(id, country_id, kind_id, name, code, latitude, longitude, active)
VALUES
    (11, 12, 1, 'AT', 'AT', 47.793301, 13.004300, TRUE);
INSERT INTO location
(id, country_id, kind_id, name, code, latitude, longitude, active)
VALUES
    (12, 13, 1, 'AU', 'AU', -32.796114, 151.835025, TRUE);
INSERT INTO location
(id, country_id, kind_id, name, code, latitude, longitude, active)
VALUES
    (13, 14, 1, 'AW', 'AW', 12.501056, -70.014281, TRUE);
INSERT INTO location
(id, country_id, kind_id, name, code, latitude, longitude, active)
VALUES
    (14, 15, 1, 'AZ', 'AZ', 40.738692, 46.320383, TRUE);
INSERT INTO location
(id, country_id, kind_id, name, code, latitude, longitude, active)
VALUES
    (15, 16, 1, 'BA', 'BA', 43.282489, 17.846101, TRUE);
INSERT INTO location
(id, country_id, kind_id, name, code, latitude, longitude, active)
VALUES
    (16, 17, 1, 'BB', 'BB', 13.074667, -59.491034, TRUE);
INSERT INTO location
(id, country_id, kind_id, name, code, latitude, longitude, active)
VALUES
    (17, 18, 1, 'BD', 'BD', 22.249599, 91.813301, TRUE);
INSERT INTO location
(id, country_id, kind_id, name, code, latitude, longitude, active)
VALUES
    (18, 19, 1, 'BE', 'BE', 50.461963, 4.459562, TRUE);
INSERT INTO location
(id, country_id, kind_id, name, code, latitude, longitude, active)
VALUES
    (19, 20, 1, 'BF', 'BF', 11.160100, -4.330970, TRUE);
INSERT INTO location
(id, country_id, kind_id, name, code, latitude, longitude, active)
VALUES
    (20, 21, 1, 'BG', 'BG', 42.696357, 23.417671, TRUE);
INSERT INTO location
(id, country_id, kind_id, name, code, latitude, longitude, active)
VALUES
    (21, 22, 1, 'BH', 'BH', 26.267295, 50.637640, TRUE);
INSERT INTO location
(id, country_id, kind_id, name, code, latitude, longitude, active)
VALUES
    (22, 23, 1, 'BI', 'BI', -3.324020, 29.318501, TRUE);
INSERT INTO location
(id, country_id, kind_id, name, code, latitude, longitude, active)
VALUES
    (23, 24, 1, 'BJ', 'BJ', 9.391186, 2.507311, TRUE);
INSERT INTO location
(id, country_id, kind_id, name, code, latitude, longitude, active)
VALUES
    (24, 25, 1, 'BL', 'BL', 17.904398, -62.843333, TRUE);
INSERT INTO location
(id, country_id, kind_id, name, code, latitude, longitude, active)
VALUES
    (25, 26, 1, 'BM', 'BM', 32.363802, -64.678240, TRUE);
INSERT INTO location
(id, country_id, kind_id, name, code, latitude, longitude, active)
VALUES
    (26, 27, 1, 'BN', 'BN', 4.944200, 114.928001, TRUE);
INSERT INTO location
(id, country_id, kind_id, name, code, latitude, longitude, active)
VALUES
    (27, 28, 1, 'BO', 'BO', -19.246835, -65.149611, TRUE);
INSERT INTO location
(id, country_id, kind_id, name, code, latitude, longitude, active)
VALUES
    (28, 29, 1, 'BQ', 'BQ', 12.131000, -68.268501, TRUE);
INSERT INTO location
(id, country_id, kind_id, name, code, latitude, longitude, active)
VALUES
    (29, 30, 1, 'BR', 'BR', -20.258000, -40.285000, TRUE);
INSERT INTO location
(id, country_id, kind_id, name, code, latitude, longitude, active)
VALUES
    (30, 31, 1, 'BS', 'BS', 25.039000, -77.466202, TRUE);
INSERT INTO location
(id, country_id, kind_id, name, code, latitude, longitude, active)
VALUES
    (31, 32, 1, 'BT', 'BT', 27.403200, 89.424599, TRUE);
INSERT INTO location
(id, country_id, kind_id, name, code, latitude, longitude, active)
VALUES
    (32, 33, 1, 'BW', 'BW', -24.555201, 25.918200, TRUE);
INSERT INTO location
(id, country_id, kind_id, name, code, latitude, longitude, active)
VALUES
    (33, 34, 1, 'BY', 'BY', 53.888071, 28.039964, TRUE);
INSERT INTO location
(id, country_id, kind_id, name, code, latitude, longitude, active)
VALUES
    (34, 35, 1, 'BZ', 'BZ', 17.539951, -88.303556, TRUE);
INSERT INTO location
(id, country_id, kind_id, name, code, latitude, longitude, active)
VALUES
    (35, 36, 1, 'CA', 'CA', 43.675935, -79.629421, TRUE);
INSERT INTO location
(id, country_id, kind_id, name, code, latitude, longitude, active)
VALUES
    (36, 37, 1, 'CC', 'CC', -12.192218, 96.834103, TRUE);
INSERT INTO location
(id, country_id, kind_id, name, code, latitude, longitude, active)
VALUES
    (37, 38, 1, 'CD', 'CD', -1.666758, 29.238037, TRUE);
INSERT INTO location
(id, country_id, kind_id, name, code, latitude, longitude, active)
VALUES
    (38, 39, 1, 'CF', 'CF', 4.398480, 18.518801, TRUE);
INSERT INTO location
(id, country_id, kind_id, name, code, latitude, longitude, active)
VALUES
    (39, 40, 1, 'CG', 'CG', -4.251700, 15.253000, TRUE);
INSERT INTO location
(id, country_id, kind_id, name, code, latitude, longitude, active)
VALUES
    (40, 41, 1, 'CH', 'CH', 46.238098, 6.108950, TRUE);
INSERT INTO location
(id, country_id, kind_id, name, code, latitude, longitude, active)
VALUES
    (41, 42, 1, 'CI', 'CI', 5.261390, -3.926290, TRUE);
INSERT INTO location
(id, country_id, kind_id, name, code, latitude, longitude, active)
VALUES
    (42, 43, 1, 'CK', 'CK', -21.202700, -159.806000, TRUE);
INSERT INTO location
(id, country_id, kind_id, name, code, latitude, longitude, active)
VALUES
    (43, 44, 1, 'CL', 'CL', -41.443093, -73.094065, TRUE);
INSERT INTO location
(id, country_id, kind_id, name, code, latitude, longitude, active)
VALUES
    (44, 45, 1, 'CM', 'CM', 4.006080, 9.719480, TRUE);
INSERT INTO location
(id, country_id, kind_id, name, code, latitude, longitude, active)
VALUES
    (45, 46, 1, 'CN', 'CN', 41.639800, 123.483668, TRUE);
INSERT INTO location
(id, country_id, kind_id, name, code, latitude, longitude, active)
VALUES
    (46, 47, 1, 'CO', 'CO', 6.164540, -75.423100, TRUE);
INSERT INTO location
(id, country_id, kind_id, name, code, latitude, longitude, active)
VALUES
    (47, 48, 1, 'CR', 'CR', 9.993860, -84.208801, TRUE);
INSERT INTO location
(id, country_id, kind_id, name, code, latitude, longitude, active)
VALUES
    (48, 49, 1, 'CU', 'CU', 22.989201, -82.409103, TRUE);
INSERT INTO location
(id, country_id, kind_id, name, code, latitude, longitude, active)
VALUES
    (49, 50, 1, 'CV', 'CV', 16.741400, -22.949400, TRUE);
INSERT INTO location
(id, country_id, kind_id, name, code, latitude, longitude, active)
VALUES
    (50, 51, 1, 'CW', 'CW', 12.188900, -68.959801, TRUE);
INSERT INTO location
(id, country_id, kind_id, name, code, latitude, longitude, active)
VALUES
    (51, 52, 1, 'CX', 'CX', -10.450387, 105.691100, TRUE);
INSERT INTO location
(id, country_id, kind_id, name, code, latitude, longitude, active)
VALUES
    (52, 53, 1, 'CY', 'CY', 34.875099, 33.624901, TRUE);
INSERT INTO location
(id, country_id, kind_id, name, code, latitude, longitude, active)
VALUES
    (53, 54, 1, 'CZ', 'CZ', 50.100874, 14.259911, TRUE);
INSERT INTO location
(id, country_id, kind_id, name, code, latitude, longitude, active)
VALUES
    (54, 55, 1, 'DE', 'DE', 51.418395, 9.391638, TRUE);
INSERT INTO location
(id, country_id, kind_id, name, code, latitude, longitude, active)
VALUES
    (55, 56, 1, 'DJ', 'DJ', 11.547300, 43.159500, TRUE);
INSERT INTO location
(id, country_id, kind_id, name, code, latitude, longitude, active)
VALUES
    (56, 57, 1, 'DK', 'DK', 55.617901, 12.656000, TRUE);
INSERT INTO location
(id, country_id, kind_id, name, code, latitude, longitude, active)
VALUES
    (57, 58, 1, 'DM', 'DM', 15.336693, -61.392108, TRUE);
INSERT INTO location
(id, country_id, kind_id, name, code, latitude, longitude, active)
VALUES
    (58, 59, 1, 'DO', 'DO', 18.429701, -69.668900, TRUE);
INSERT INTO location
(id, country_id, kind_id, name, code, latitude, longitude, active)
VALUES
    (59, 60, 1, 'DZ', 'DZ', 36.693886, 3.214531, TRUE);
INSERT INTO location
(id, country_id, kind_id, name, code, latitude, longitude, active)
VALUES
    (60, 61, 1, 'EC', 'EC', 0.978519, -79.626602, TRUE);
INSERT INTO location
(id, country_id, kind_id, name, code, latitude, longitude, active)
VALUES
    (61, 62, 1, 'EE', 'EE', 59.413246, 24.832640, TRUE);
INSERT INTO location
(id, country_id, kind_id, name, code, latitude, longitude, active)
VALUES
    (62, 63, 1, 'EG', 'EG', 23.980437, 35.460277, TRUE);
INSERT INTO location
(id, country_id, kind_id, name, code, latitude, longitude, active)
VALUES
    (63, 64, 1, 'EH', 'EH', 27.142467, -13.224947, TRUE);
INSERT INTO location
(id, country_id, kind_id, name, code, latitude, longitude, active)
VALUES
    (64, 65, 1, 'ER', 'ER', 15.670000, 39.370098, TRUE);
INSERT INTO location
(id, country_id, kind_id, name, code, latitude, longitude, active)
VALUES
    (65, 66, 1, 'ES', 'ES', 37.417999, -5.893110, TRUE);
INSERT INTO location
(id, country_id, kind_id, name, code, latitude, longitude, active)
VALUES
    (66, 67, 1, 'ET', 'ET', 8.977890, 38.799301, TRUE);
INSERT INTO location
(id, country_id, kind_id, name, code, latitude, longitude, active)
VALUES
    (67, 68, 1, 'FI', 'FI', 60.318363, 24.963341, TRUE);
INSERT INTO location
(id, country_id, kind_id, name, code, latitude, longitude, active)
VALUES
    (68, 69, 1, 'FJ', 'FJ', -17.761822, 177.437843, TRUE);
INSERT INTO location
(id, country_id, kind_id, name, code, latitude, longitude, active)
VALUES
    (69, 70, 1, 'FK', 'FK', -51.822642, -58.445777, TRUE);
INSERT INTO location
(id, country_id, kind_id, name, code, latitude, longitude, active)
VALUES
    (70, 71, 1, 'FM', 'FM', 7.461870, 151.843002, TRUE);
INSERT INTO location
(id, country_id, kind_id, name, code, latitude, longitude, active)
VALUES
    (71, 72, 1, 'FO', 'FO', 62.063256, -7.275782, TRUE);
INSERT INTO location
(id, country_id, kind_id, name, code, latitude, longitude, active)
VALUES
    (72, 73, 1, 'FR', 'FR', 47.600680, 7.521117, TRUE);
INSERT INTO location
(id, country_id, kind_id, name, code, latitude, longitude, active)
VALUES
    (73, 74, 1, 'GA', 'GA', 0.458951, 9.412140, TRUE);
INSERT INTO location
(id, country_id, kind_id, name, code, latitude, longitude, active)
VALUES
    (74, 75, 1, 'GB', 'GB', 53.349375, -2.279521, TRUE);
INSERT INTO location
(id, country_id, kind_id, name, code, latitude, longitude, active)
VALUES
    (75, 76, 1, 'GD', 'GD', 12.003996, -61.785302, TRUE);
INSERT INTO location
(id, country_id, kind_id, name, code, latitude, longitude, active)
VALUES
    (76, 77, 1, 'GE', 'GE', 42.177448, 42.485353, TRUE);
INSERT INTO location
(id, country_id, kind_id, name, code, latitude, longitude, active)
VALUES
    (77, 78, 1, 'GF', 'GF', 4.819964, -52.361326, TRUE);
INSERT INTO location
(id, country_id, kind_id, name, code, latitude, longitude, active)
VALUES
    (78, 79, 1, 'GG', 'GG', 49.706104, -2.214720, TRUE);
INSERT INTO location
(id, country_id, kind_id, name, code, latitude, longitude, active)
VALUES
    (79, 80, 1, 'GH', 'GH', 5.605190, -0.166786, TRUE);
INSERT INTO location
(id, country_id, kind_id, name, code, latitude, longitude, active)
VALUES
    (80, 81, 1, 'GI', 'GI', 36.151679, -5.349780, TRUE);
INSERT INTO location
(id, country_id, kind_id, name, code, latitude, longitude, active)
VALUES
    (81, 82, 1, 'GL', 'GL', 64.191066, -51.679140, TRUE);
INSERT INTO location
(id, country_id, kind_id, name, code, latitude, longitude, active)
VALUES
    (82, 83, 1, 'GM', 'GM', 13.338000, -16.652201, TRUE);
INSERT INTO location
(id, country_id, kind_id, name, code, latitude, longitude, active)
VALUES
    (83, 84, 1, 'GN', 'GN', 9.576890, -13.612000, TRUE);
INSERT INTO location
(id, country_id, kind_id, name, code, latitude, longitude, active)
VALUES
    (84, 85, 1, 'GP', 'GP', 16.265443, -61.532754, TRUE);
INSERT INTO location
(id, country_id, kind_id, name, code, latitude, longitude, active)
VALUES
    (85, 86, 1, 'GQ', 'GQ', 1.905470, 9.805680, TRUE);
INSERT INTO location
(id, country_id, kind_id, name, code, latitude, longitude, active)
VALUES
    (86, 87, 1, 'GR', 'GR', 39.601450, 19.912179, TRUE);
INSERT INTO location
(id, country_id, kind_id, name, code, latitude, longitude, active)
VALUES
    (87, 89, 1, 'GT', 'GT', 14.582896, -90.527515, TRUE);
INSERT INTO location
(id, country_id, kind_id, name, code, latitude, longitude, active)
VALUES
    (88, 90, 1, 'GU', 'GU', 13.485000, 144.797282, TRUE);
INSERT INTO location
(id, country_id, kind_id, name, code, latitude, longitude, active)
VALUES
    (89, 91, 1, 'GW', 'GW', 11.894262, -15.653596, TRUE);
INSERT INTO location
(id, country_id, kind_id, name, code, latitude, longitude, active)
VALUES
    (90, 92, 1, 'GY', 'GY', 6.498550, -58.254101, TRUE);
INSERT INTO location
(id, country_id, kind_id, name, code, latitude, longitude, active)
VALUES
    (91, 93, 1, 'HK', 'HK', 22.311840, 113.914862, TRUE);
INSERT INTO location
(id, country_id, kind_id, name, code, latitude, longitude, active)
VALUES
    (92, 95, 1, 'HN', 'HN', 16.316799, -86.523003, TRUE);
INSERT INTO location
(id, country_id, kind_id, name, code, latitude, longitude, active)
VALUES
    (93, 96, 1, 'HR', 'HR', 44.893501, 13.922200, TRUE);
INSERT INTO location
(id, country_id, kind_id, name, code, latitude, longitude, active)
VALUES
    (94, 97, 1, 'HT', 'HT', 19.725547, -72.200710, TRUE);
INSERT INTO location
(id, country_id, kind_id, name, code, latitude, longitude, active)
VALUES
    (95, 98, 1, 'HU', 'HU', 47.489469, 21.616278, TRUE);
INSERT INTO location
(id, country_id, kind_id, name, code, latitude, longitude, active)
VALUES
    (96, 99, 1, 'ID', 'ID', -0.785964, 100.280384, TRUE);
INSERT INTO location
(id, country_id, kind_id, name, code, latitude, longitude, active)
VALUES
    (97, 100, 1, 'IE', 'IE', 53.428713, -6.262121, TRUE);
INSERT INTO location
(id, country_id, kind_id, name, code, latitude, longitude, active)
VALUES
    (98, 101, 1, 'IL', 'IL', 29.727009, 35.014116, TRUE);
INSERT INTO location
(id, country_id, kind_id, name, code, latitude, longitude, active)
VALUES
    (99, 102, 1, 'IM', 'IM', 54.083081, -4.623871, TRUE);
INSERT INTO location
(id, country_id, kind_id, name, code, latitude, longitude, active)
VALUES
    (100, 103, 1, 'IN', 'IN', 8.481889, 76.920029, TRUE);
INSERT INTO location
(id, country_id, kind_id, name, code, latitude, longitude, active)
VALUES
    (101, 104, 1, 'IO', 'IO', -7.313270, 72.411102, TRUE);
INSERT INTO location
(id, country_id, kind_id, name, code, latitude, longitude, active)
VALUES
    (102, 105, 1, 'IQ', 'IQ', 30.549101, 47.662102, TRUE);
INSERT INTO location
(id, country_id, kind_id, name, code, latitude, longitude, active)
VALUES
    (103, 106, 1, 'IR', 'IR', 26.525427, 53.980462, TRUE);
INSERT INTO location
(id, country_id, kind_id, name, code, latitude, longitude, active)
VALUES
    (104, 107, 1, 'IS', 'IS', 65.656573, -18.072018, TRUE);
INSERT INTO location
(id, country_id, kind_id, name, code, latitude, longitude, active)
VALUES
    (105, 108, 1, 'IT', 'IT', 43.095901, 12.513200, TRUE);
INSERT INTO location
(id, country_id, kind_id, name, code, latitude, longitude, active)
VALUES
    (106, 109, 1, 'JE', 'JE', 49.207901, -2.195510, TRUE);
INSERT INTO location
(id, country_id, kind_id, name, code, latitude, longitude, active)
VALUES
    (107, 110, 1, 'JM', 'JM', 17.935699, -76.787498, TRUE);
INSERT INTO location
(id, country_id, kind_id, name, code, latitude, longitude, active)
VALUES
    (108, 111, 1, 'JO', 'JO', 31.972700, 35.991600, TRUE);
INSERT INTO location
(id, country_id, kind_id, name, code, latitude, longitude, active)
VALUES
    (109, 112, 1, 'JP', 'JP', 38.139702, 140.917007, TRUE);
INSERT INTO location
(id, country_id, kind_id, name, code, latitude, longitude, active)
VALUES
    (110, 113, 1, 'KE', 'KE', 0.404458, 35.238899, TRUE);
INSERT INTO location
(id, country_id, kind_id, name, code, latitude, longitude, active)
VALUES
    (111, 114, 1, 'KG', 'KG', 40.609001, 72.793297, TRUE);
INSERT INTO location
(id, country_id, kind_id, name, code, latitude, longitude, active)
VALUES
    (112, 115, 1, 'KH', 'KH', 10.914244, 103.226652, TRUE);
INSERT INTO location
(id, country_id, kind_id, name, code, latitude, longitude, active)
VALUES
    (113, 116, 1, 'KI', 'KI', 1.381640, 173.147003, TRUE);
INSERT INTO location
(id, country_id, kind_id, name, code, latitude, longitude, active)
VALUES
    (114, 117, 1, 'KM', 'KM', -11.533700, 43.271900, TRUE);
INSERT INTO location
(id, country_id, kind_id, name, code, latitude, longitude, active)
VALUES
    (115, 118, 1, 'KN', 'KN', 17.310845, -62.719117, TRUE);
INSERT INTO location
(id, country_id, kind_id, name, code, latitude, longitude, active)
VALUES
    (116, 119, 1, 'KP', 'KP', 39.224098, 125.669998, TRUE);
INSERT INTO location
(id, country_id, kind_id, name, code, latitude, longitude, active)
VALUES
    (117, 120, 1, 'KR', 'KR', 34.991406, 126.382814, TRUE);
INSERT INTO location
(id, country_id, kind_id, name, code, latitude, longitude, active)
VALUES
    (118, 121, 1, 'KW', 'KW', 29.224487, 47.969813, TRUE);
INSERT INTO location
(id, country_id, kind_id, name, code, latitude, longitude, active)
VALUES
    (119, 122, 1, 'KY', 'KY', 19.292801, -81.357697, TRUE);
INSERT INTO location
(id, country_id, kind_id, name, code, latitude, longitude, active)
VALUES
    (120, 123, 1, 'KZ', 'KZ', 47.121318, 51.820343, TRUE);
INSERT INTO location
(id, country_id, kind_id, name, code, latitude, longitude, active)
VALUES
    (121, 124, 1, 'LA', 'LA', 19.904273, 102.167191, TRUE);
INSERT INTO location
(id, country_id, kind_id, name, code, latitude, longitude, active)
VALUES
    (122, 125, 1, 'LB', 'LB', 33.819833, 35.487443, TRUE);
INSERT INTO location
(id, country_id, kind_id, name, code, latitude, longitude, active)
VALUES
    (123, 126, 1, 'LC', 'LC', 13.733200, -60.952599, TRUE);
INSERT INTO location
(id, country_id, kind_id, name, code, latitude, longitude, active)
VALUES
    (124, 128, 1, 'LK', 'LK', 6.821638, 79.885859, TRUE);
INSERT INTO location
(id, country_id, kind_id, name, code, latitude, longitude, active)
VALUES
    (125, 129, 1, 'LR', 'LR', 6.233790, -10.362300, TRUE);
INSERT INTO location
(id, country_id, kind_id, name, code, latitude, longitude, active)
VALUES
    (126, 130, 1, 'LS', 'LS', -29.456277, 27.554456, TRUE);
INSERT INTO location
(id, country_id, kind_id, name, code, latitude, longitude, active)
VALUES
    (127, 131, 1, 'LT', 'LT', 54.963965, 24.085820, TRUE);
INSERT INTO location
(id, country_id, kind_id, name, code, latitude, longitude, active)
VALUES
    (128, 132, 1, 'LU', 'LU', 49.626845, 6.212134, TRUE);
INSERT INTO location
(id, country_id, kind_id, name, code, latitude, longitude, active)
VALUES
    (129, 133, 1, 'LV', 'LV', 56.920752, 23.970711, TRUE);
INSERT INTO location
(id, country_id, kind_id, name, code, latitude, longitude, active)
VALUES
    (130, 134, 1, 'LY', 'LY', 31.058578, 16.597095, TRUE);
INSERT INTO location
(id, country_id, kind_id, name, code, latitude, longitude, active)
VALUES
    (131, 135, 1, 'MA', 'MA', 30.322478, -9.412003, TRUE);
INSERT INTO location
(id, country_id, kind_id, name, code, latitude, longitude, active)
VALUES
    (132, 137, 1, 'MD', 'MD', 46.927740, 28.931704, TRUE);
INSERT INTO location
(id, country_id, kind_id, name, code, latitude, longitude, active)
VALUES
    (133, 138, 1, 'ME', 'ME', 42.359402, 19.251900, TRUE);
INSERT INTO location
(id, country_id, kind_id, name, code, latitude, longitude, active)
VALUES
    (134, 139, 1, 'MF', 'MF', 18.100057, -63.047444, TRUE);
INSERT INTO location
(id, country_id, kind_id, name, code, latitude, longitude, active)
VALUES
    (135, 140, 1, 'MG', 'MG', -18.796900, 47.478802, TRUE);
INSERT INTO location
(id, country_id, kind_id, name, code, latitude, longitude, active)
VALUES
    (136, 141, 1, 'MH', 'MH', 7.065110, 171.271656, TRUE);
INSERT INTO location
(id, country_id, kind_id, name, code, latitude, longitude, active)
VALUES
    (137, 142, 1, 'MK', 'MK', 41.180000, 20.742300, TRUE);
INSERT INTO location
(id, country_id, kind_id, name, code, latitude, longitude, active)
VALUES
    (138, 143, 1, 'ML', 'ML', 12.533500, -7.949940, TRUE);
INSERT INTO location
(id, country_id, kind_id, name, code, latitude, longitude, active)
VALUES
    (139, 144, 1, 'MM', 'MM', 21.702200, 95.977898, TRUE);
INSERT INTO location
(id, country_id, kind_id, name, code, latitude, longitude, active)
VALUES
    (140, 145, 1, 'MN', 'MN', 47.646916, 106.819833, TRUE);
INSERT INTO location
(id, country_id, kind_id, name, code, latitude, longitude, active)
VALUES
    (141, 146, 1, 'MO', 'MO', 22.149599, 113.592003, TRUE);
INSERT INTO location
(id, country_id, kind_id, name, code, latitude, longitude, active)
VALUES
    (142, 147, 1, 'MP', 'MP', 14.173267, 145.241103, TRUE);
INSERT INTO location
(id, country_id, kind_id, name, code, latitude, longitude, active)
VALUES
    (143, 148, 1, 'MQ', 'MQ', 14.591000, -61.003201, TRUE);
INSERT INTO location
(id, country_id, kind_id, name, code, latitude, longitude, active)
VALUES
    (144, 149, 1, 'MR', 'MR', 18.310000, -15.969722, TRUE);
INSERT INTO location
(id, country_id, kind_id, name, code, latitude, longitude, active)
VALUES
    (145, 150, 1, 'MS', 'MS', 16.791835, -62.193204, TRUE);
INSERT INTO location
(id, country_id, kind_id, name, code, latitude, longitude, active)
VALUES
    (146, 151, 1, 'MT', 'MT', 35.845932, 14.491546, TRUE);
INSERT INTO location
(id, country_id, kind_id, name, code, latitude, longitude, active)
VALUES
    (147, 152, 1, 'MU', 'MU', -20.430201, 57.683601, TRUE);
INSERT INTO location
(id, country_id, kind_id, name, code, latitude, longitude, active)
VALUES
    (148, 153, 1, 'MV', 'MV', 5.817407, 73.468404, TRUE);
INSERT INTO location
(id, country_id, kind_id, name, code, latitude, longitude, active)
VALUES
    (149, 154, 1, 'MW', 'MW', -15.677189, 34.972319, TRUE);
INSERT INTO location
(id, country_id, kind_id, name, code, latitude, longitude, active)
VALUES
    (150, 155, 1, 'MX', 'MX', 17.601771, -101.460629, TRUE);
INSERT INTO location
(id, country_id, kind_id, name, code, latitude, longitude, active)
VALUES
    (151, 156, 1, 'MY', 'MY', 1.487364, 110.352859, TRUE);
INSERT INTO location
(id, country_id, kind_id, name, code, latitude, longitude, active)
VALUES
    (152, 157, 1, 'MZ', 'MZ', -19.796400, 34.907600, TRUE);
INSERT INTO location
(id, country_id, kind_id, name, code, latitude, longitude, active)
VALUES
    (153, 159, 1, 'NC', 'NC', -22.014601, 166.212997, TRUE);
INSERT INTO location
(id, country_id, kind_id, name, code, latitude, longitude, active)
VALUES
    (154, 160, 1, 'NE', 'NE', 13.481500, 2.183610, TRUE);
INSERT INTO location
(id, country_id, kind_id, name, code, latitude, longitude, active)
VALUES
    (155, 161, 1, 'NF', 'NF', -29.041759, 167.939474, TRUE);
INSERT INTO location
(id, country_id, kind_id, name, code, latitude, longitude, active)
VALUES
    (156, 162, 1, 'NG', 'NG', 6.204167, 6.665278, TRUE);
INSERT INTO location
(id, country_id, kind_id, name, code, latitude, longitude, active)
VALUES
    (157, 163, 1, 'NI', 'NI', 12.141500, -86.168198, TRUE);
INSERT INTO location
(id, country_id, kind_id, name, code, latitude, longitude, active)
VALUES
    (158, 164, 1, 'NL', 'NL', 52.308601, 4.763890, TRUE);
INSERT INTO location
(id, country_id, kind_id, name, code, latitude, longitude, active)
VALUES
    (159, 165, 1, 'NO', 'NO', 62.560443, 6.110845, TRUE);
INSERT INTO location
(id, country_id, kind_id, name, code, latitude, longitude, active)
VALUES
    (160, 166, 1, 'NP', 'NP', 28.183800, 84.014700, TRUE);
INSERT INTO location
(id, country_id, kind_id, name, code, latitude, longitude, active)
VALUES
    (161, 167, 1, 'NR', 'NR', -0.547893, 166.919525, TRUE);
INSERT INTO location
(id, country_id, kind_id, name, code, latitude, longitude, active)
VALUES
    (162, 168, 1, 'NU', 'NU', -19.080109, -169.923493, TRUE);
INSERT INTO location
(id, country_id, kind_id, name, code, latitude, longitude, active)
VALUES
    (163, 169, 1, 'NZ', 'NZ', -43.489029, 172.532065, TRUE);
INSERT INTO location
(id, country_id, kind_id, name, code, latitude, longitude, active)
VALUES
    (164, 170, 1, 'OM', 'OM', 19.501944, 57.634167, TRUE);
INSERT INTO location
(id, country_id, kind_id, name, code, latitude, longitude, active)
VALUES
    (165, 171, 1, 'PA', 'PA', 9.071360, -79.383499, TRUE);
INSERT INTO location
(id, country_id, kind_id, name, code, latitude, longitude, active)
VALUES
    (166, 172, 1, 'PE', 'PE', -8.378064, -74.574495, TRUE);
INSERT INTO location
(id, country_id, kind_id, name, code, latitude, longitude, active)
VALUES
    (167, 173, 1, 'PF', 'PF', -17.553472, -149.606936, TRUE);
INSERT INTO location
(id, country_id, kind_id, name, code, latitude, longitude, active)
VALUES
    (168, 174, 1, 'PG', 'PG', -6.567995, 146.726544, TRUE);
INSERT INTO location
(id, country_id, kind_id, name, code, latitude, longitude, active)
VALUES
    (169, 175, 1, 'PH', 'PH', 7.125520, 125.646004, TRUE);
INSERT INTO location
(id, country_id, kind_id, name, code, latitude, longitude, active)
VALUES
    (170, 176, 1, 'PK', 'PK', 25.296733, 62.498822, TRUE);
INSERT INTO location
(id, country_id, kind_id, name, code, latitude, longitude, active)
VALUES
    (171, 177, 1, 'PL', 'PL', 51.103719, 16.882096, TRUE);
INSERT INTO location
(id, country_id, kind_id, name, code, latitude, longitude, active)
VALUES
    (172, 178, 1, 'PM', 'PM', 46.762651, -56.174990, TRUE);
INSERT INTO location
(id, country_id, kind_id, name, code, latitude, longitude, active)
VALUES
    (173, 180, 1, 'PR', 'PR', 18.439400, -66.001801, TRUE);
INSERT INTO location
(id, country_id, kind_id, name, code, latitude, longitude, active)
VALUES
    (174, 182, 1, 'PT', 'PT', 37.015909, -7.970939, TRUE);
INSERT INTO location
(id, country_id, kind_id, name, code, latitude, longitude, active)
VALUES
    (175, 183, 1, 'PW', 'PW', 7.366965, 134.544085, TRUE);
INSERT INTO location
(id, country_id, kind_id, name, code, latitude, longitude, active)
VALUES
    (176, 184, 1, 'PY', 'PY', -25.240156, -57.519227, TRUE);
INSERT INTO location
(id, country_id, kind_id, name, code, latitude, longitude, active)
VALUES
    (177, 185, 1, 'QA', 'QA', 25.259431, 51.565528, TRUE);
INSERT INTO location
(id, country_id, kind_id, name, code, latitude, longitude, active)
VALUES
    (178, 186, 1, 'RE', 'RE', -20.890087, 55.518894, TRUE);
INSERT INTO location
(id, country_id, kind_id, name, code, latitude, longitude, active)
VALUES
    (179, 187, 1, 'RO', 'RO', 44.503133, 26.102944, TRUE);
INSERT INTO location
(id, country_id, kind_id, name, code, latitude, longitude, active)
VALUES
    (180, 188, 1, 'RS', 'RS', 44.818401, 20.309099, TRUE);
INSERT INTO location
(id, country_id, kind_id, name, code, latitude, longitude, active)
VALUES
    (181, 189, 1, 'RU', 'RU', 53.504902, 50.164299, TRUE);
INSERT INTO location
(id, country_id, kind_id, name, code, latitude, longitude, active)
VALUES
    (182, 190, 1, 'RW', 'RW', -1.968630, 30.139500, TRUE);
INSERT INTO location
(id, country_id, kind_id, name, code, latitude, longitude, active)
VALUES
    (183, 191, 1, 'SA', 'SA', 18.240400, 42.656601, TRUE);
INSERT INTO location
(id, country_id, kind_id, name, code, latitude, longitude, active)
VALUES
    (184, 192, 1, 'SB', 'SB', -9.428000, 160.054993, TRUE);
INSERT INTO location
(id, country_id, kind_id, name, code, latitude, longitude, active)
VALUES
    (185, 193, 1, 'SC', 'SC', -4.674340, 55.521801, TRUE);
INSERT INTO location
(id, country_id, kind_id, name, code, latitude, longitude, active)
VALUES
    (186, 194, 1, 'SD', 'SD', 15.589500, 32.553200, TRUE);
INSERT INTO location
(id, country_id, kind_id, name, code, latitude, longitude, active)
VALUES
    (187, 195, 1, 'SE', 'SE', 57.662800, 12.279800, TRUE);
INSERT INTO location
(id, country_id, kind_id, name, code, latitude, longitude, active)
VALUES
    (188, 196, 1, 'SG', 'SG', 1.350190, 103.994003, TRUE);
INSERT INTO location
(id, country_id, kind_id, name, code, latitude, longitude, active)
VALUES
    (189, 197, 1, 'SH', 'SH', -7.970179, -14.392744, TRUE);
INSERT INTO location
(id, country_id, kind_id, name, code, latitude, longitude, active)
VALUES
    (190, 198, 1, 'SI', 'SI', 46.223701, 14.457600, TRUE);
INSERT INTO location
(id, country_id, kind_id, name, code, latitude, longitude, active)
VALUES
    (191, 199, 1, 'SK', 'SK', 48.170200, 17.212700, TRUE);
INSERT INTO location
(id, country_id, kind_id, name, code, latitude, longitude, active)
VALUES
    (192, 200, 1, 'SL', 'SL', 8.616440, -13.195500, TRUE);
INSERT INTO location
(id, country_id, kind_id, name, code, latitude, longitude, active)
VALUES
    (193, 201, 1, 'SM', 'SM', 43.948895, 12.511411, TRUE);
INSERT INTO location
(id, country_id, kind_id, name, code, latitude, longitude, active)
VALUES
    (194, 202, 1, 'SN', 'SN', 14.670878, -17.072829, TRUE);
INSERT INTO location
(id, country_id, kind_id, name, code, latitude, longitude, active)
VALUES
    (195, 203, 1, 'SO', 'SO', 9.514082, 44.083469, TRUE);
INSERT INTO location
(id, country_id, kind_id, name, code, latitude, longitude, active)
VALUES
    (196, 204, 1, 'SR', 'SR', 5.452830, -55.187801, TRUE);
INSERT INTO location
(id, country_id, kind_id, name, code, latitude, longitude, active)
VALUES
    (197, 205, 1, 'SS', 'SS', 4.872010, 31.601101, TRUE);
INSERT INTO location
(id, country_id, kind_id, name, code, latitude, longitude, active)
VALUES
    (198, 206, 1, 'ST', 'ST', 0.378175, 6.712150, TRUE);
INSERT INTO location
(id, country_id, kind_id, name, code, latitude, longitude, active)
VALUES
    (199, 207, 1, 'SV', 'SV', 13.444470, -89.055784, TRUE);
INSERT INTO location
(id, country_id, kind_id, name, code, latitude, longitude, active)
VALUES
    (200, 208, 1, 'SX', 'SX', 18.041000, -63.108898, TRUE);
INSERT INTO location
(id, country_id, kind_id, name, code, latitude, longitude, active)
VALUES
    (201, 209, 1, 'SY', 'SY', 36.181262, 37.226869, TRUE);
INSERT INTO location
(id, country_id, kind_id, name, code, latitude, longitude, active)
VALUES
    (202, 210, 1, 'SZ', 'SZ', -26.358611, 31.716944, TRUE);
INSERT INTO location
(id, country_id, kind_id, name, code, latitude, longitude, active)
VALUES
    (203, 211, 1, 'TC', 'TC', 21.773697, -72.268321, TRUE);
INSERT INTO location
(id, country_id, kind_id, name, code, latitude, longitude, active)
VALUES
    (204, 212, 1, 'TD', 'TD', 12.133700, 15.034000, TRUE);
INSERT INTO location
(id, country_id, kind_id, name, code, latitude, longitude, active)
VALUES
    (205, 213, 1, 'TF', 'TF', -17.053960, 42.719300, TRUE);
INSERT INTO location
(id, country_id, kind_id, name, code, latitude, longitude, active)
VALUES
    (206, 214, 1, 'TG', 'TG', 6.165610, 1.254510, TRUE);
INSERT INTO location
(id, country_id, kind_id, name, code, latitude, longitude, active)
VALUES
    (207, 215, 1, 'TH', 'TH', 13.681100, 100.747002, TRUE);
INSERT INTO location
(id, country_id, kind_id, name, code, latitude, longitude, active)
VALUES
    (208, 216, 1, 'TJ', 'TJ', 37.866315, 68.864475, TRUE);
INSERT INTO location
(id, country_id, kind_id, name, code, latitude, longitude, active)
VALUES
    (209, 218, 1, 'TL', 'TL', -8.546562, 125.524507, TRUE);
INSERT INTO location
(id, country_id, kind_id, name, code, latitude, longitude, active)
VALUES
    (210, 219, 1, 'TM', 'TM', 39.681052, 54.206008, TRUE);
INSERT INTO location
(id, country_id, kind_id, name, code, latitude, longitude, active)
VALUES
    (211, 220, 1, 'TN', 'TN', 36.851002, 10.227200, TRUE);
INSERT INTO location
(id, country_id, kind_id, name, code, latitude, longitude, active)
VALUES
    (212, 221, 1, 'TO', 'TO', -21.241438, -175.149164, TRUE);
INSERT INTO location
(id, country_id, kind_id, name, code, latitude, longitude, active)
VALUES
    (213, 222, 1, 'TR', 'TR', 40.128101, 32.995098, TRUE);
INSERT INTO location
(id, country_id, kind_id, name, code, latitude, longitude, active)
VALUES
    (214, 223, 1, 'TT', 'TT', 11.149571, -60.831298, TRUE);
INSERT INTO location
(id, country_id, kind_id, name, code, latitude, longitude, active)
VALUES
    (215, 224, 1, 'TV', 'TV', -8.523885, 179.196976, TRUE);
INSERT INTO location
(id, country_id, kind_id, name, code, latitude, longitude, active)
VALUES
    (216, 225, 1, 'TW', 'TW', 22.577101, 120.349998, TRUE);
INSERT INTO location
(id, country_id, kind_id, name, code, latitude, longitude, active)
VALUES
    (217, 226, 1, 'TZ', 'TZ', -6.873499, 39.207288, TRUE);
INSERT INTO location
(id, country_id, kind_id, name, code, latitude, longitude, active)
VALUES
    (218, 227, 1, 'UA', 'UA', 45.052200, 33.975101, TRUE);
INSERT INTO location
(id, country_id, kind_id, name, code, latitude, longitude, active)
VALUES
    (219, 228, 1, 'UG', 'UG', 0.042386, 32.443501, TRUE);
INSERT INTO location
(id, country_id, kind_id, name, code, latitude, longitude, active)
VALUES
    (220, 229, 1, 'UM', 'UM', 28.201700, -177.380997, TRUE);
INSERT INTO location
(id, country_id, kind_id, name, code, latitude, longitude, active)
VALUES
    (221, 230, 1, 'US', 'US', 42.748299, -73.801697, TRUE);
INSERT INTO location
(id, country_id, kind_id, name, code, latitude, longitude, active)
VALUES
    (222, 231, 1, 'UY', 'UY', -34.835647, -56.026497, TRUE);
INSERT INTO location
(id, country_id, kind_id, name, code, latitude, longitude, active)
VALUES
    (223, 232, 1, 'UZ', 'UZ', 40.984622, 71.557800, TRUE);
INSERT INTO location
(id, country_id, kind_id, name, code, latitude, longitude, active)
VALUES
    (224, 234, 1, 'VC', 'VC', 13.159725, -61.148801, TRUE);
INSERT INTO location
(id, country_id, kind_id, name, code, latitude, longitude, active)
VALUES
    (225, 235, 1, 'VE', 'VE', 10.111111, -64.692222, TRUE);
INSERT INTO location
(id, country_id, kind_id, name, code, latitude, longitude, active)
VALUES
    (226, 236, 1, 'VG', 'VG', 18.445492, -64.541707, TRUE);
INSERT INTO location
(id, country_id, kind_id, name, code, latitude, longitude, active)
VALUES
    (227, 237, 1, 'VI', 'VI', 18.337091, -64.977251, TRUE);
INSERT INTO location
(id, country_id, kind_id, name, code, latitude, longitude, active)
VALUES
    (228, 238, 1, 'VN', 'VN', 10.772842, 107.040596, TRUE);
INSERT INTO location
(id, country_id, kind_id, name, code, latitude, longitude, active)
VALUES
    (229, 239, 1, 'VU', 'VU', -17.699301, 168.320007, TRUE);
INSERT INTO location
(id, country_id, kind_id, name, code, latitude, longitude, active)
VALUES
    (230, 240, 1, 'WF', 'WF', -13.239445, -176.198650, TRUE);
INSERT INTO location
(id, country_id, kind_id, name, code, latitude, longitude, active)
VALUES
    (231, 241, 1, 'WS', 'WS', -13.830000, -172.007996, TRUE);
INSERT INTO location
(id, country_id, kind_id, name, code, latitude, longitude, active)
VALUES
    (232, 242, 1, 'XK', 'XK', 42.572800, 21.035801, TRUE);
INSERT INTO location
(id, country_id, kind_id, name, code, latitude, longitude, active)
VALUES
    (233, 243, 1, 'XP', 'XP', 15.783471, 111.202740, TRUE);
INSERT INTO location
(id, country_id, kind_id, name, code, latitude, longitude, active)
VALUES
    (234, 244, 1, 'YE', 'YE', 12.829564, 45.029976, TRUE);
INSERT INTO location
(id, country_id, kind_id, name, code, latitude, longitude, active)
VALUES
    (235, 245, 1, 'YT', 'YT', -12.809319, 45.281815, TRUE);
INSERT INTO location
(id, country_id, kind_id, name, code, latitude, longitude, active)
VALUES
    (236, 246, 1, 'ZA', 'ZA', -23.845269, 29.458615, TRUE);
INSERT INTO location
(id, country_id, kind_id, name, code, latitude, longitude, active)
VALUES
    (237, 247, 1, 'ZM', 'ZM', -15.330833, 28.452722, TRUE);
INSERT INTO location
(id, country_id, kind_id, name, code, latitude, longitude, active)
VALUES
    (238, 248, 1, 'ZW', 'ZW', -20.016284, 28.622897, TRUE);

-- route_edge
INSERT INTO route_edge
(id, origin_location_id, destination_location_id, transport_type_id, distance_km, base_cost, estimated_hours, active)
VALUES
    (1, 1, 103, 1, 300.20, 36.02, 0.40, TRUE);
INSERT INTO route_edge
(id, origin_location_id, destination_location_id, transport_type_id, distance_km, base_cost, estimated_hours, active)
VALUES
    (2, 1, 177, 1, 423.08, 50.77, 0.56, TRUE);
INSERT INTO route_edge
(id, origin_location_id, destination_location_id, transport_type_id, distance_km, base_cost, estimated_hours, active)
VALUES
    (3, 1, 21, 1, 547.35, 65.68, 0.73, TRUE);
INSERT INTO route_edge
(id, origin_location_id, destination_location_id, transport_type_id, distance_km, base_cost, estimated_hours, active)
VALUES
    (4, 1, 164, 1, 568.98, 68.28, 0.76, TRUE);
INSERT INTO route_edge
(id, origin_location_id, destination_location_id, transport_type_id, distance_km, base_cost, estimated_hours, active)
VALUES
    (5, 1, 170, 1, 704.93, 84.59, 0.94, TRUE);
INSERT INTO route_edge
(id, origin_location_id, destination_location_id, transport_type_id, distance_km, base_cost, estimated_hours, active)
VALUES
    (6, 2, 208, 1, 368.31, 44.20, 0.49, TRUE);
INSERT INTO route_edge
(id, origin_location_id, destination_location_id, transport_type_id, distance_km, base_cost, estimated_hours, active)
VALUES
    (7, 2, 111, 1, 742.18, 89.06, 0.99, TRUE);
INSERT INTO route_edge
(id, origin_location_id, destination_location_id, transport_type_id, distance_km, base_cost, estimated_hours, active)
VALUES
    (8, 2, 223, 1, 742.82, 89.14, 0.99, TRUE);
INSERT INTO route_edge
(id, origin_location_id, destination_location_id, transport_type_id, distance_km, base_cost, estimated_hours, active)
VALUES
    (9, 2, 170, 1, 1216.10, 145.93, 1.62, TRUE);
INSERT INTO route_edge
(id, origin_location_id, destination_location_id, transport_type_id, distance_km, base_cost, estimated_hours, active)
VALUES
    (10, 2, 210, 1, 1444.55, 173.35, 1.93, TRUE);
INSERT INTO route_edge
(id, origin_location_id, destination_location_id, transport_type_id, distance_km, base_cost, estimated_hours, active)
VALUES
    (11, 3, 145, 1, 57.31, 6.88, 0.08, TRUE);
INSERT INTO route_edge
(id, origin_location_id, destination_location_id, transport_type_id, distance_km, base_cost, estimated_hours, active)
VALUES
    (12, 3, 115, 1, 100.28, 12.03, 0.13, TRUE);
INSERT INTO route_edge
(id, origin_location_id, destination_location_id, transport_type_id, distance_km, base_cost, estimated_hours, active)
VALUES
    (13, 3, 84, 1, 100.76, 12.09, 0.13, TRUE);
INSERT INTO route_edge
(id, origin_location_id, destination_location_id, transport_type_id, distance_km, base_cost, estimated_hours, active)
VALUES
    (14, 3, 24, 1, 140.35, 16.84, 0.19, TRUE);
INSERT INTO route_edge
(id, origin_location_id, destination_location_id, transport_type_id, distance_km, base_cost, estimated_hours, active)
VALUES
    (15, 3, 134, 1, 170.75, 20.49, 0.23, TRUE);
INSERT INTO route_edge
(id, origin_location_id, destination_location_id, transport_type_id, distance_km, base_cost, estimated_hours, active)
VALUES
    (16, 4, 134, 1, 11.66, 1.40, 0.02, TRUE);
INSERT INTO route_edge
(id, origin_location_id, destination_location_id, transport_type_id, distance_km, base_cost, estimated_hours, active)
VALUES
    (17, 4, 200, 1, 19.12, 2.29, 0.03, TRUE);
INSERT INTO route_edge
(id, origin_location_id, destination_location_id, transport_type_id, distance_km, base_cost, estimated_hours, active)
VALUES
    (18, 4, 24, 1, 40.13, 4.82, 0.05, TRUE);
INSERT INTO route_edge
(id, origin_location_id, destination_location_id, transport_type_id, distance_km, base_cost, estimated_hours, active)
VALUES
    (19, 4, 115, 1, 105.53, 12.66, 0.14, TRUE);
INSERT INTO route_edge
(id, origin_location_id, destination_location_id, transport_type_id, distance_km, base_cost, estimated_hours, active)
VALUES
    (20, 4, 226, 1, 159.32, 19.12, 0.21, TRUE);
INSERT INTO route_edge
(id, origin_location_id, destination_location_id, transport_type_id, distance_km, base_cost, estimated_hours, active)
VALUES
    (21, 5, 137, 1, 89.25, 10.71, 0.12, TRUE);
INSERT INTO route_edge
(id, origin_location_id, destination_location_id, transport_type_id, distance_km, base_cost, estimated_hours, active)
VALUES
    (22, 5, 133, 1, 111.98, 13.44, 0.15, TRUE);
INSERT INTO route_edge
(id, origin_location_id, destination_location_id, transport_type_id, distance_km, base_cost, estimated_hours, active)
VALUES
    (23, 5, 232, 1, 168.51, 20.22, 0.22, TRUE);
INSERT INTO route_edge
(id, origin_location_id, destination_location_id, transport_type_id, distance_km, base_cost, estimated_hours, active)
VALUES
    (24, 5, 86, 1, 202.27, 24.27, 0.27, TRUE);
INSERT INTO route_edge
(id, origin_location_id, destination_location_id, transport_type_id, distance_km, base_cost, estimated_hours, active)
VALUES
    (25, 5, 15, 1, 258.57, 31.03, 0.34, TRUE);
INSERT INTO route_edge
(id, origin_location_id, destination_location_id, transport_type_id, distance_km, base_cost, estimated_hours, active)
VALUES
    (26, 6, 14, 1, 175.40, 21.05, 0.23, TRUE);
INSERT INTO route_edge
(id, origin_location_id, destination_location_id, transport_type_id, distance_km, base_cost, estimated_hours, active)
VALUES
    (27, 6, 76, 1, 276.59, 33.19, 0.37, TRUE);
INSERT INTO route_edge
(id, origin_location_id, destination_location_id, transport_type_id, distance_km, base_cost, estimated_hours, active)
VALUES
    (28, 6, 201, 1, 766.18, 91.94, 1.02, TRUE);
INSERT INTO route_edge
(id, origin_location_id, destination_location_id, transport_type_id, distance_km, base_cost, estimated_hours, active)
VALUES
    (29, 6, 210, 1, 837.69, 100.52, 1.12, TRUE);
INSERT INTO route_edge
(id, origin_location_id, destination_location_id, transport_type_id, distance_km, base_cost, estimated_hours, active)
VALUES
    (30, 6, 213, 1, 968.66, 116.24, 1.29, TRUE);
INSERT INTO route_edge
(id, origin_location_id, destination_location_id, transport_type_id, distance_km, base_cost, estimated_hours, active)
VALUES
    (31, 7, 39, 1, 558.79, 67.05, 0.75, TRUE);
INSERT INTO route_edge
(id, origin_location_id, destination_location_id, transport_type_id, distance_km, base_cost, estimated_hours, active)
VALUES
    (32, 7, 73, 1, 1119.08, 134.29, 1.49, TRUE);
INSERT INTO route_edge
(id, origin_location_id, destination_location_id, transport_type_id, distance_km, base_cost, estimated_hours, active)
VALUES
    (33, 7, 198, 1, 1255.50, 150.66, 1.67, TRUE);
INSERT INTO route_edge
(id, origin_location_id, destination_location_id, transport_type_id, distance_km, base_cost, estimated_hours, active)
VALUES
    (34, 7, 85, 1, 1255.65, 150.68, 1.67, TRUE);
INSERT INTO route_edge
(id, origin_location_id, destination_location_id, transport_type_id, distance_km, base_cost, estimated_hours, active)
VALUES
    (35, 7, 44, 1, 1482.49, 177.90, 1.98, TRUE);
INSERT INTO route_edge
(id, origin_location_id, destination_location_id, transport_type_id, distance_km, base_cost, estimated_hours, active)
VALUES
    (36, 8, 69, 1, 3059.75, 367.17, 4.08, TRUE);
INSERT INTO route_edge
(id, origin_location_id, destination_location_id, transport_type_id, distance_km, base_cost, estimated_hours, active)
VALUES
    (37, 8, 9, 1, 3456.53, 414.78, 4.61, TRUE);
INSERT INTO route_edge
(id, origin_location_id, destination_location_id, transport_type_id, distance_km, base_cost, estimated_hours, active)
VALUES
    (38, 8, 43, 1, 4429.14, 531.50, 5.91, TRUE);
INSERT INTO route_edge
(id, origin_location_id, destination_location_id, transport_type_id, distance_km, base_cost, estimated_hours, active)
VALUES
    (39, 8, 222, 1, 4891.98, 587.04, 6.52, TRUE);
INSERT INTO route_edge
(id, origin_location_id, destination_location_id, transport_type_id, distance_km, base_cost, estimated_hours, active)
VALUES
    (40, 8, 176, 1, 5968.46, 716.22, 7.96, TRUE);
INSERT INTO route_edge
(id, origin_location_id, destination_location_id, transport_type_id, distance_km, base_cost, estimated_hours, active)
VALUES
    (41, 9, 69, 1, 965.00, 115.80, 1.29, TRUE);
INSERT INTO route_edge
(id, origin_location_id, destination_location_id, transport_type_id, distance_km, base_cost, estimated_hours, active)
VALUES
    (42, 9, 43, 1, 986.11, 118.33, 1.31, TRUE);
INSERT INTO route_edge
(id, origin_location_id, destination_location_id, transport_type_id, distance_km, base_cost, estimated_hours, active)
VALUES
    (43, 9, 222, 1, 2151.99, 258.24, 2.87, TRUE);
INSERT INTO route_edge
(id, origin_location_id, destination_location_id, transport_type_id, distance_km, base_cost, estimated_hours, active)
VALUES
    (44, 9, 176, 1, 3051.10, 366.13, 4.07, TRUE);
INSERT INTO route_edge
(id, origin_location_id, destination_location_id, transport_type_id, distance_km, base_cost, estimated_hours, active)
VALUES
    (45, 9, 8, 1, 3456.53, 414.78, 4.61, TRUE);
INSERT INTO route_edge
(id, origin_location_id, destination_location_id, transport_type_id, distance_km, base_cost, estimated_hours, active)
VALUES
    (46, 10, 231, 1, 150.67, 18.08, 0.20, TRUE);
INSERT INTO route_edge
(id, origin_location_id, destination_location_id, transport_type_id, distance_km, base_cost, estimated_hours, active)
VALUES
    (47, 10, 162, 1, 534.67, 64.16, 0.71, TRUE);
INSERT INTO route_edge
(id, origin_location_id, destination_location_id, transport_type_id, distance_km, base_cost, estimated_hours, active)
VALUES
    (48, 10, 230, 1, 605.01, 72.60, 0.81, TRUE);
INSERT INTO route_edge
(id, origin_location_id, destination_location_id, transport_type_id, distance_km, base_cost, estimated_hours, active)
VALUES
    (49, 10, 212, 1, 900.56, 108.07, 1.20, TRUE);
INSERT INTO route_edge
(id, origin_location_id, destination_location_id, transport_type_id, distance_km, base_cost, estimated_hours, active)
VALUES
    (50, 10, 215, 1, 1275.06, 153.01, 1.70, TRUE);
INSERT INTO route_edge
(id, origin_location_id, destination_location_id, transport_type_id, distance_km, base_cost, estimated_hours, active)
VALUES
    (51, 11, 190, 1, 206.40, 24.77, 0.28, TRUE);
INSERT INTO route_edge
(id, origin_location_id, destination_location_id, transport_type_id, distance_km, base_cost, estimated_hours, active)
VALUES
    (52, 11, 53, 1, 272.47, 32.70, 0.36, TRUE);
INSERT INTO route_edge
(id, origin_location_id, destination_location_id, transport_type_id, distance_km, base_cost, estimated_hours, active)
VALUES
    (53, 11, 191, 1, 315.98, 37.92, 0.42, TRUE);
INSERT INTO route_edge
(id, origin_location_id, destination_location_id, transport_type_id, distance_km, base_cost, estimated_hours, active)
VALUES
    (54, 11, 93, 1, 330.04, 39.61, 0.44, TRUE);
INSERT INTO route_edge
(id, origin_location_id, destination_location_id, transport_type_id, distance_km, base_cost, estimated_hours, active)
VALUES
    (55, 11, 72, 1, 410.83, 49.30, 0.55, TRUE);
INSERT INTO route_edge
(id, origin_location_id, destination_location_id, transport_type_id, distance_km, base_cost, estimated_hours, active)
VALUES
    (56, 12, 155, 1, 1590.12, 190.81, 2.12, TRUE);
INSERT INTO route_edge
(id, origin_location_id, destination_location_id, transport_type_id, distance_km, base_cost, estimated_hours, active)
VALUES
    (57, 12, 153, 1, 1854.38, 222.53, 2.47, TRUE);
INSERT INTO route_edge
(id, origin_location_id, destination_location_id, transport_type_id, distance_km, base_cost, estimated_hours, active)
VALUES
    (58, 12, 163, 1, 2156.15, 258.74, 2.87, TRUE);
INSERT INTO route_edge
(id, origin_location_id, destination_location_id, transport_type_id, distance_km, base_cost, estimated_hours, active)
VALUES
    (59, 12, 229, 1, 2353.01, 282.36, 3.14, TRUE);
INSERT INTO route_edge
(id, origin_location_id, destination_location_id, transport_type_id, distance_km, base_cost, estimated_hours, active)
VALUES
    (60, 12, 184, 1, 2732.03, 327.84, 3.64, TRUE);
INSERT INTO route_edge
(id, origin_location_id, destination_location_id, transport_type_id, distance_km, base_cost, estimated_hours, active)
VALUES
    (61, 13, 50, 1, 119.69, 14.36, 0.16, TRUE);
INSERT INTO route_edge
(id, origin_location_id, destination_location_id, transport_type_id, distance_km, base_cost, estimated_hours, active)
VALUES
    (62, 13, 28, 1, 194.07, 23.29, 0.26, TRUE);
INSERT INTO route_edge
(id, origin_location_id, destination_location_id, transport_type_id, distance_km, base_cost, estimated_hours, active)
VALUES
    (63, 13, 225, 1, 638.21, 76.58, 0.85, TRUE);
INSERT INTO route_edge
(id, origin_location_id, destination_location_id, transport_type_id, distance_km, base_cost, estimated_hours, active)
VALUES
    (64, 13, 58, 1, 660.27, 79.23, 0.88, TRUE);
INSERT INTO route_edge
(id, origin_location_id, destination_location_id, transport_type_id, distance_km, base_cost, estimated_hours, active)
VALUES
    (65, 13, 173, 1, 787.85, 94.54, 1.05, TRUE);
INSERT INTO route_edge
(id, origin_location_id, destination_location_id, transport_type_id, distance_km, base_cost, estimated_hours, active)
VALUES
    (66, 14, 6, 1, 175.40, 21.05, 0.23, TRUE);
INSERT INTO route_edge
(id, origin_location_id, destination_location_id, transport_type_id, distance_km, base_cost, estimated_hours, active)
VALUES
    (67, 14, 76, 1, 357.35, 42.88, 0.48, TRUE);
INSERT INTO route_edge
(id, origin_location_id, destination_location_id, transport_type_id, distance_km, base_cost, estimated_hours, active)
VALUES
    (68, 14, 210, 1, 679.63, 81.56, 0.91, TRUE);
INSERT INTO route_edge
(id, origin_location_id, destination_location_id, transport_type_id, distance_km, base_cost, estimated_hours, active)
VALUES
    (69, 14, 120, 1, 834.78, 100.17, 1.11, TRUE);
INSERT INTO route_edge
(id, origin_location_id, destination_location_id, transport_type_id, distance_km, base_cost, estimated_hours, active)
VALUES
    (70, 14, 201, 1, 939.28, 112.71, 1.25, TRUE);
INSERT INTO route_edge
(id, origin_location_id, destination_location_id, transport_type_id, distance_km, base_cost, estimated_hours, active)
VALUES
    (71, 15, 133, 1, 153.88, 18.47, 0.21, TRUE);
INSERT INTO route_edge
(id, origin_location_id, destination_location_id, transport_type_id, distance_km, base_cost, estimated_hours, active)
VALUES
    (72, 15, 5, 1, 258.57, 31.03, 0.34, TRUE);
INSERT INTO route_edge
(id, origin_location_id, destination_location_id, transport_type_id, distance_km, base_cost, estimated_hours, active)
VALUES
    (73, 15, 180, 1, 260.58, 31.27, 0.35, TRUE);
INSERT INTO route_edge
(id, origin_location_id, destination_location_id, transport_type_id, distance_km, base_cost, estimated_hours, active)
VALUES
    (74, 15, 232, 1, 271.40, 32.57, 0.36, TRUE);
INSERT INTO route_edge
(id, origin_location_id, destination_location_id, transport_type_id, distance_km, base_cost, estimated_hours, active)
VALUES
    (75, 15, 137, 1, 333.90, 40.07, 0.45, TRUE);
INSERT INTO route_edge
(id, origin_location_id, destination_location_id, transport_type_id, distance_km, base_cost, estimated_hours, active)
VALUES
    (76, 16, 123, 1, 174.23, 20.91, 0.23, TRUE);
INSERT INTO route_edge
(id, origin_location_id, destination_location_id, transport_type_id, distance_km, base_cost, estimated_hours, active)
VALUES
    (77, 16, 224, 1, 179.77, 21.57, 0.24, TRUE);
INSERT INTO route_edge
(id, origin_location_id, destination_location_id, transport_type_id, distance_km, base_cost, estimated_hours, active)
VALUES
    (78, 16, 143, 1, 234.70, 28.16, 0.31, TRUE);
INSERT INTO route_edge
(id, origin_location_id, destination_location_id, transport_type_id, distance_km, base_cost, estimated_hours, active)
VALUES
    (79, 16, 214, 1, 258.94, 31.07, 0.35, TRUE);
INSERT INTO route_edge
(id, origin_location_id, destination_location_id, transport_type_id, distance_km, base_cost, estimated_hours, active)
VALUES
    (80, 16, 75, 1, 276.02, 33.12, 0.37, TRUE);
INSERT INTO route_edge
(id, origin_location_id, destination_location_id, transport_type_id, distance_km, base_cost, estimated_hours, active)
VALUES
    (81, 17, 139, 1, 433.71, 52.05, 0.58, TRUE);
INSERT INTO route_edge
(id, origin_location_id, destination_location_id, transport_type_id, distance_km, base_cost, estimated_hours, active)
VALUES
    (82, 17, 31, 1, 621.64, 74.60, 0.83, TRUE);
INSERT INTO route_edge
(id, origin_location_id, destination_location_id, transport_type_id, distance_km, base_cost, estimated_hours, active)
VALUES
    (83, 17, 160, 1, 1024.60, 122.95, 1.37, TRUE);
INSERT INTO route_edge
(id, origin_location_id, destination_location_id, transport_type_id, distance_km, base_cost, estimated_hours, active)
VALUES
    (84, 17, 121, 1, 1105.19, 132.62, 1.47, TRUE);
INSERT INTO route_edge
(id, origin_location_id, destination_location_id, transport_type_id, distance_km, base_cost, estimated_hours, active)
VALUES
    (85, 17, 207, 1, 1341.02, 160.92, 1.79, TRUE);
INSERT INTO route_edge
(id, origin_location_id, destination_location_id, transport_type_id, distance_km, base_cost, estimated_hours, active)
VALUES
    (86, 18, 128, 1, 155.83, 18.70, 0.21, TRUE);
INSERT INTO route_edge
(id, origin_location_id, destination_location_id, transport_type_id, distance_km, base_cost, estimated_hours, active)
VALUES
    (87, 18, 158, 1, 206.42, 24.77, 0.28, TRUE);
INSERT INTO route_edge
(id, origin_location_id, destination_location_id, transport_type_id, distance_km, base_cost, estimated_hours, active)
VALUES
    (88, 18, 54, 1, 361.49, 43.38, 0.48, TRUE);
INSERT INTO route_edge
(id, origin_location_id, destination_location_id, transport_type_id, distance_km, base_cost, estimated_hours, active)
VALUES
    (89, 18, 72, 1, 388.57, 46.63, 0.52, TRUE);
INSERT INTO route_edge
(id, origin_location_id, destination_location_id, transport_type_id, distance_km, base_cost, estimated_hours, active)
VALUES
    (90, 18, 78, 1, 483.39, 58.01, 0.64, TRUE);
INSERT INTO route_edge
(id, origin_location_id, destination_location_id, transport_type_id, distance_km, base_cost, estimated_hours, active)
VALUES
    (91, 19, 138, 1, 422.40, 50.69, 0.56, TRUE);
INSERT INTO route_edge
(id, origin_location_id, destination_location_id, transport_type_id, distance_km, base_cost, estimated_hours, active)
VALUES
    (92, 19, 41, 1, 657.42, 78.89, 0.88, TRUE);
INSERT INTO route_edge
(id, origin_location_id, destination_location_id, transport_type_id, distance_km, base_cost, estimated_hours, active)
VALUES
    (93, 19, 154, 1, 753.24, 90.39, 1.00, TRUE);
INSERT INTO route_edge
(id, origin_location_id, destination_location_id, transport_type_id, distance_km, base_cost, estimated_hours, active)
VALUES
    (94, 19, 79, 1, 768.89, 92.27, 1.03, TRUE);
INSERT INTO route_edge
(id, origin_location_id, destination_location_id, transport_type_id, distance_km, base_cost, estimated_hours, active)
VALUES
    (95, 19, 23, 1, 773.56, 92.83, 1.03, TRUE);
INSERT INTO route_edge
(id, origin_location_id, destination_location_id, transport_type_id, distance_km, base_cost, estimated_hours, active)
VALUES
    (96, 20, 232, 1, 195.33, 23.44, 0.26, TRUE);
INSERT INTO route_edge
(id, origin_location_id, destination_location_id, transport_type_id, distance_km, base_cost, estimated_hours, active)
VALUES
    (97, 20, 137, 1, 278.18, 33.38, 0.37, TRUE);
INSERT INTO route_edge
(id, origin_location_id, destination_location_id, transport_type_id, distance_km, base_cost, estimated_hours, active)
VALUES
    (98, 20, 179, 1, 295.13, 35.42, 0.39, TRUE);
INSERT INTO route_edge
(id, origin_location_id, destination_location_id, transport_type_id, distance_km, base_cost, estimated_hours, active)
VALUES
    (99, 20, 5, 1, 336.83, 40.42, 0.45, TRUE);
INSERT INTO route_edge
(id, origin_location_id, destination_location_id, transport_type_id, distance_km, base_cost, estimated_hours, active)
VALUES
    (100, 20, 133, 1, 343.38, 41.21, 0.46, TRUE);
INSERT INTO route_edge
(id, origin_location_id, destination_location_id, transport_type_id, distance_km, base_cost, estimated_hours, active)
VALUES
    (101, 21, 177, 1, 145.58, 17.47, 0.19, TRUE);
INSERT INTO route_edge
(id, origin_location_id, destination_location_id, transport_type_id, distance_km, base_cost, estimated_hours, active)
VALUES
    (102, 21, 103, 1, 334.18, 40.10, 0.45, TRUE);
INSERT INTO route_edge
(id, origin_location_id, destination_location_id, transport_type_id, distance_km, base_cost, estimated_hours, active)
VALUES
    (103, 21, 118, 1, 420.74, 50.49, 0.56, TRUE);
INSERT INTO route_edge
(id, origin_location_id, destination_location_id, transport_type_id, distance_km, base_cost, estimated_hours, active)
VALUES
    (104, 21, 1, 1, 547.35, 65.68, 0.73, TRUE);
INSERT INTO route_edge
(id, origin_location_id, destination_location_id, transport_type_id, distance_km, base_cost, estimated_hours, active)
VALUES
    (105, 21, 102, 1, 557.94, 66.95, 0.74, TRUE);
INSERT INTO route_edge
(id, origin_location_id, destination_location_id, transport_type_id, distance_km, base_cost, estimated_hours, active)
VALUES
    (106, 22, 182, 1, 176.15, 21.14, 0.23, TRUE);
INSERT INTO route_edge
(id, origin_location_id, destination_location_id, transport_type_id, distance_km, base_cost, estimated_hours, active)
VALUES
    (107, 22, 37, 1, 184.50, 22.14, 0.25, TRUE);
INSERT INTO route_edge
(id, origin_location_id, destination_location_id, transport_type_id, distance_km, base_cost, estimated_hours, active)
VALUES
    (108, 22, 219, 1, 510.62, 61.27, 0.68, TRUE);
INSERT INTO route_edge
(id, origin_location_id, destination_location_id, transport_type_id, distance_km, base_cost, estimated_hours, active)
VALUES
    (109, 22, 110, 1, 777.71, 93.33, 1.04, TRUE);
INSERT INTO route_edge
(id, origin_location_id, destination_location_id, transport_type_id, distance_km, base_cost, estimated_hours, active)
VALUES
    (110, 22, 197, 1, 945.98, 113.52, 1.26, TRUE);
INSERT INTO route_edge
(id, origin_location_id, destination_location_id, transport_type_id, distance_km, base_cost, estimated_hours, active)
VALUES
    (111, 23, 206, 1, 384.30, 46.12, 0.51, TRUE);
INSERT INTO route_edge
(id, origin_location_id, destination_location_id, transport_type_id, distance_km, base_cost, estimated_hours, active)
VALUES
    (112, 23, 154, 1, 456.19, 54.74, 0.61, TRUE);
INSERT INTO route_edge
(id, origin_location_id, destination_location_id, transport_type_id, distance_km, base_cost, estimated_hours, active)
VALUES
    (113, 23, 79, 1, 513.91, 61.67, 0.69, TRUE);
INSERT INTO route_edge
(id, origin_location_id, destination_location_id, transport_type_id, distance_km, base_cost, estimated_hours, active)
VALUES
    (114, 23, 156, 1, 579.10, 69.49, 0.77, TRUE);
INSERT INTO route_edge
(id, origin_location_id, destination_location_id, transport_type_id, distance_km, base_cost, estimated_hours, active)
VALUES
    (115, 23, 19, 1, 773.56, 92.83, 1.03, TRUE);
INSERT INTO route_edge
(id, origin_location_id, destination_location_id, transport_type_id, distance_km, base_cost, estimated_hours, active)
VALUES
    (116, 24, 134, 1, 30.65, 3.68, 0.04, TRUE);
INSERT INTO route_edge
(id, origin_location_id, destination_location_id, transport_type_id, distance_km, base_cost, estimated_hours, active)
VALUES
    (117, 24, 200, 1, 31.93, 3.83, 0.04, TRUE);
INSERT INTO route_edge
(id, origin_location_id, destination_location_id, transport_type_id, distance_km, base_cost, estimated_hours, active)
VALUES
    (118, 24, 4, 1, 40.13, 4.82, 0.05, TRUE);
INSERT INTO route_edge
(id, origin_location_id, destination_location_id, transport_type_id, distance_km, base_cost, estimated_hours, active)
VALUES
    (119, 24, 115, 1, 67.30, 8.08, 0.09, TRUE);
INSERT INTO route_edge
(id, origin_location_id, destination_location_id, transport_type_id, distance_km, base_cost, estimated_hours, active)
VALUES
    (120, 24, 3, 1, 140.35, 16.84, 0.19, TRUE);
INSERT INTO route_edge
(id, origin_location_id, destination_location_id, transport_type_id, distance_km, base_cost, estimated_hours, active)
VALUES
    (121, 25, 203, 1, 1395.86, 167.50, 1.86, TRUE);
INSERT INTO route_edge
(id, origin_location_id, destination_location_id, transport_type_id, distance_km, base_cost, estimated_hours, active)
VALUES
    (122, 25, 221, 1, 1405.24, 168.63, 1.87, TRUE);
INSERT INTO route_edge
(id, origin_location_id, destination_location_id, transport_type_id, distance_km, base_cost, estimated_hours, active)
VALUES
    (123, 25, 30, 1, 1487.78, 178.53, 1.98, TRUE);
INSERT INTO route_edge
(id, origin_location_id, destination_location_id, transport_type_id, distance_km, base_cost, estimated_hours, active)
VALUES
    (124, 25, 226, 1, 1547.71, 185.72, 2.06, TRUE);
INSERT INTO route_edge
(id, origin_location_id, destination_location_id, transport_type_id, distance_km, base_cost, estimated_hours, active)
VALUES
    (125, 25, 173, 1, 1553.97, 186.48, 2.07, TRUE);
INSERT INTO route_edge
(id, origin_location_id, destination_location_id, transport_type_id, distance_km, base_cost, estimated_hours, active)
VALUES
    (126, 26, 151, 1, 636.92, 76.43, 0.85, TRUE);
INSERT INTO route_edge
(id, origin_location_id, destination_location_id, transport_type_id, distance_km, base_cost, estimated_hours, active)
VALUES
    (127, 26, 228, 1, 1083.59, 130.03, 1.44, TRUE);
INSERT INTO route_edge
(id, origin_location_id, destination_location_id, transport_type_id, distance_km, base_cost, estimated_hours, active)
VALUES
    (128, 26, 169, 1, 1209.66, 145.16, 1.61, TRUE);
INSERT INTO route_edge
(id, origin_location_id, destination_location_id, transport_type_id, distance_km, base_cost, estimated_hours, active)
VALUES
    (129, 26, 233, 1, 1272.07, 152.65, 1.70, TRUE);
INSERT INTO route_edge
(id, origin_location_id, destination_location_id, transport_type_id, distance_km, base_cost, estimated_hours, active)
VALUES
    (130, 26, 188, 1, 1277.86, 153.34, 1.70, TRUE);
INSERT INTO route_edge
(id, origin_location_id, destination_location_id, transport_type_id, distance_km, base_cost, estimated_hours, active)
VALUES
    (131, 27, 176, 1, 1029.50, 123.54, 1.37, TRUE);
INSERT INTO route_edge
(id, origin_location_id, destination_location_id, transport_type_id, distance_km, base_cost, estimated_hours, active)
VALUES
    (132, 27, 166, 1, 1578.76, 189.45, 2.11, TRUE);
INSERT INTO route_edge
(id, origin_location_id, destination_location_id, transport_type_id, distance_km, base_cost, estimated_hours, active)
VALUES
    (133, 27, 222, 1, 1952.36, 234.28, 2.60, TRUE);
INSERT INTO route_edge
(id, origin_location_id, destination_location_id, transport_type_id, distance_km, base_cost, estimated_hours, active)
VALUES
    (134, 27, 43, 1, 2580.25, 309.63, 3.44, TRUE);
INSERT INTO route_edge
(id, origin_location_id, destination_location_id, transport_type_id, distance_km, base_cost, estimated_hours, active)
VALUES
    (135, 27, 29, 1, 2602.15, 312.26, 3.47, TRUE);
INSERT INTO route_edge
(id, origin_location_id, destination_location_id, transport_type_id, distance_km, base_cost, estimated_hours, active)
VALUES
    (136, 28, 50, 1, 75.42, 9.05, 0.10, TRUE);
INSERT INTO route_edge
(id, origin_location_id, destination_location_id, transport_type_id, distance_km, base_cost, estimated_hours, active)
VALUES
    (137, 28, 13, 1, 194.07, 23.29, 0.26, TRUE);
INSERT INTO route_edge
(id, origin_location_id, destination_location_id, transport_type_id, distance_km, base_cost, estimated_hours, active)
VALUES
    (138, 28, 225, 1, 450.20, 54.02, 0.60, TRUE);
INSERT INTO route_edge
(id, origin_location_id, destination_location_id, transport_type_id, distance_km, base_cost, estimated_hours, active)
VALUES
    (139, 28, 75, 1, 705.09, 84.61, 0.94, TRUE);
INSERT INTO route_edge
(id, origin_location_id, destination_location_id, transport_type_id, distance_km, base_cost, estimated_hours, active)
VALUES
    (140, 28, 58, 1, 716.29, 85.95, 0.96, TRUE);
INSERT INTO route_edge
(id, origin_location_id, destination_location_id, transport_type_id, distance_km, base_cost, estimated_hours, active)
VALUES
    (141, 29, 176, 1, 1850.30, 222.04, 2.47, TRUE);
INSERT INTO route_edge
(id, origin_location_id, destination_location_id, transport_type_id, distance_km, base_cost, estimated_hours, active)
VALUES
    (142, 29, 222, 1, 2238.10, 268.57, 2.98, TRUE);
INSERT INTO route_edge
(id, origin_location_id, destination_location_id, transport_type_id, distance_km, base_cost, estimated_hours, active)
VALUES
    (143, 29, 27, 1, 2602.15, 312.26, 3.47, TRUE);
INSERT INTO route_edge
(id, origin_location_id, destination_location_id, transport_type_id, distance_km, base_cost, estimated_hours, active)
VALUES
    (144, 29, 77, 1, 3084.89, 370.19, 4.11, TRUE);
INSERT INTO route_edge
(id, origin_location_id, destination_location_id, transport_type_id, distance_km, base_cost, estimated_hours, active)
VALUES
    (145, 29, 189, 1, 3101.51, 372.18, 4.14, TRUE);
INSERT INTO route_edge
(id, origin_location_id, destination_location_id, transport_type_id, distance_km, base_cost, estimated_hours, active)
VALUES
    (146, 30, 48, 1, 551.31, 66.16, 0.74, TRUE);
INSERT INTO route_edge
(id, origin_location_id, destination_location_id, transport_type_id, distance_km, base_cost, estimated_hours, active)
VALUES
    (147, 30, 203, 1, 642.67, 77.12, 0.86, TRUE);
INSERT INTO route_edge
(id, origin_location_id, destination_location_id, transport_type_id, distance_km, base_cost, estimated_hours, active)
VALUES
    (148, 30, 119, 1, 754.08, 90.49, 1.01, TRUE);
INSERT INTO route_edge
(id, origin_location_id, destination_location_id, transport_type_id, distance_km, base_cost, estimated_hours, active)
VALUES
    (149, 30, 107, 1, 792.96, 95.16, 1.06, TRUE);
INSERT INTO route_edge
(id, origin_location_id, destination_location_id, transport_type_id, distance_km, base_cost, estimated_hours, active)
VALUES
    (150, 30, 94, 1, 801.14, 96.14, 1.07, TRUE);
INSERT INTO route_edge
(id, origin_location_id, destination_location_id, transport_type_id, distance_km, base_cost, estimated_hours, active)
VALUES
    (151, 31, 160, 1, 539.14, 64.70, 0.72, TRUE);
INSERT INTO route_edge
(id, origin_location_id, destination_location_id, transport_type_id, distance_km, base_cost, estimated_hours, active)
VALUES
    (152, 31, 17, 1, 621.64, 74.60, 0.83, TRUE);
INSERT INTO route_edge
(id, origin_location_id, destination_location_id, transport_type_id, distance_km, base_cost, estimated_hours, active)
VALUES
    (153, 31, 139, 1, 916.79, 110.01, 1.22, TRUE);
INSERT INTO route_edge
(id, origin_location_id, destination_location_id, transport_type_id, distance_km, base_cost, estimated_hours, active)
VALUES
    (154, 31, 121, 1, 1541.05, 184.93, 2.05, TRUE);
INSERT INTO route_edge
(id, origin_location_id, destination_location_id, transport_type_id, distance_km, base_cost, estimated_hours, active)
VALUES
    (155, 31, 207, 1, 1925.62, 231.07, 2.57, TRUE);
INSERT INTO route_edge
(id, origin_location_id, destination_location_id, transport_type_id, distance_km, base_cost, estimated_hours, active)
VALUES
    (156, 32, 236, 1, 367.64, 44.12, 0.49, TRUE);
INSERT INTO route_edge
(id, origin_location_id, destination_location_id, transport_type_id, distance_km, base_cost, estimated_hours, active)
VALUES
    (157, 32, 126, 1, 568.55, 68.23, 0.76, TRUE);
INSERT INTO route_edge
(id, origin_location_id, destination_location_id, transport_type_id, distance_km, base_cost, estimated_hours, active)
VALUES
    (158, 32, 238, 1, 576.29, 69.15, 0.77, TRUE);
INSERT INTO route_edge
(id, origin_location_id, destination_location_id, transport_type_id, distance_km, base_cost, estimated_hours, active)
VALUES
    (159, 32, 202, 1, 615.67, 73.88, 0.82, TRUE);
INSERT INTO route_edge
(id, origin_location_id, destination_location_id, transport_type_id, distance_km, base_cost, estimated_hours, active)
VALUES
    (160, 32, 237, 1, 1059.26, 127.11, 1.41, TRUE);
INSERT INTO route_edge
(id, origin_location_id, destination_location_id, transport_type_id, distance_km, base_cost, estimated_hours, active)
VALUES
    (161, 33, 127, 1, 282.33, 33.88, 0.38, TRUE);
INSERT INTO route_edge
(id, origin_location_id, destination_location_id, transport_type_id, distance_km, base_cost, estimated_hours, active)
VALUES
    (162, 33, 129, 1, 423.78, 50.85, 0.57, TRUE);
INSERT INTO route_edge
(id, origin_location_id, destination_location_id, transport_type_id, distance_km, base_cost, estimated_hours, active)
VALUES
    (163, 33, 61, 1, 644.71, 77.36, 0.86, TRUE);
INSERT INTO route_edge
(id, origin_location_id, destination_location_id, transport_type_id, distance_km, base_cost, estimated_hours, active)
VALUES
    (164, 33, 67, 1, 738.56, 88.63, 0.98, TRUE);
INSERT INTO route_edge
(id, origin_location_id, destination_location_id, transport_type_id, distance_km, base_cost, estimated_hours, active)
VALUES
    (165, 33, 132, 1, 776.51, 93.18, 1.04, TRUE);
INSERT INTO route_edge
(id, origin_location_id, destination_location_id, transport_type_id, distance_km, base_cost, estimated_hours, active)
VALUES
    (166, 34, 92, 1, 233.18, 27.98, 0.31, TRUE);
INSERT INTO route_edge
(id, origin_location_id, destination_location_id, transport_type_id, distance_km, base_cost, estimated_hours, active)
VALUES
    (167, 34, 87, 1, 405.68, 48.68, 0.54, TRUE);
INSERT INTO route_edge
(id, origin_location_id, destination_location_id, transport_type_id, distance_km, base_cost, estimated_hours, active)
VALUES
    (168, 34, 199, 1, 462.47, 55.50, 0.62, TRUE);
INSERT INTO route_edge
(id, origin_location_id, destination_location_id, transport_type_id, distance_km, base_cost, estimated_hours, active)
VALUES
    (169, 34, 157, 1, 642.63, 77.12, 0.86, TRUE);
INSERT INTO route_edge
(id, origin_location_id, destination_location_id, transport_type_id, distance_km, base_cost, estimated_hours, active)
VALUES
    (170, 34, 119, 1, 758.19, 90.98, 1.01, TRUE);
INSERT INTO route_edge
(id, origin_location_id, destination_location_id, transport_type_id, distance_km, base_cost, estimated_hours, active)
VALUES
    (171, 35, 221, 1, 483.31, 58.00, 0.64, TRUE);
INSERT INTO route_edge
(id, origin_location_id, destination_location_id, transport_type_id, distance_km, base_cost, estimated_hours, active)
VALUES
    (172, 35, 25, 1, 1810.52, 217.26, 2.41, TRUE);
INSERT INTO route_edge
(id, origin_location_id, destination_location_id, transport_type_id, distance_km, base_cost, estimated_hours, active)
VALUES
    (173, 35, 172, 1, 1861.58, 223.39, 2.48, TRUE);
INSERT INTO route_edge
(id, origin_location_id, destination_location_id, transport_type_id, distance_km, base_cost, estimated_hours, active)
VALUES
    (174, 35, 30, 1, 2081.62, 249.79, 2.78, TRUE);
INSERT INTO route_edge
(id, origin_location_id, destination_location_id, transport_type_id, distance_km, base_cost, estimated_hours, active)
VALUES
    (175, 35, 48, 1, 2314.35, 277.72, 3.09, TRUE);
INSERT INTO route_edge
(id, origin_location_id, destination_location_id, transport_type_id, distance_km, base_cost, estimated_hours, active)
VALUES
    (176, 36, 51, 1, 984.84, 118.18, 1.31, TRUE);
INSERT INTO route_edge
(id, origin_location_id, destination_location_id, transport_type_id, distance_km, base_cost, estimated_hours, active)
VALUES
    (177, 36, 96, 1, 1324.05, 158.89, 1.77, TRUE);
INSERT INTO route_edge
(id, origin_location_id, destination_location_id, transport_type_id, distance_km, base_cost, estimated_hours, active)
VALUES
    (178, 36, 188, 1, 1700.81, 204.10, 2.27, TRUE);
INSERT INTO route_edge
(id, origin_location_id, destination_location_id, transport_type_id, distance_km, base_cost, estimated_hours, active)
VALUES
    (179, 36, 151, 1, 2131.36, 255.76, 2.84, TRUE);
INSERT INTO route_edge
(id, origin_location_id, destination_location_id, transport_type_id, distance_km, base_cost, estimated_hours, active)
VALUES
    (180, 36, 112, 1, 2664.53, 319.74, 3.55, TRUE);
INSERT INTO route_edge
(id, origin_location_id, destination_location_id, transport_type_id, distance_km, base_cost, estimated_hours, active)
VALUES
    (181, 37, 182, 1, 105.66, 12.68, 0.14, TRUE);
INSERT INTO route_edge
(id, origin_location_id, destination_location_id, transport_type_id, distance_km, base_cost, estimated_hours, active)
VALUES
    (182, 37, 22, 1, 184.50, 22.14, 0.25, TRUE);
INSERT INTO route_edge
(id, origin_location_id, destination_location_id, transport_type_id, distance_km, base_cost, estimated_hours, active)
VALUES
    (183, 37, 219, 1, 403.89, 48.47, 0.54, TRUE);
INSERT INTO route_edge
(id, origin_location_id, destination_location_id, transport_type_id, distance_km, base_cost, estimated_hours, active)
VALUES
    (184, 37, 110, 1, 705.82, 84.70, 0.94, TRUE);
INSERT INTO route_edge
(id, origin_location_id, destination_location_id, transport_type_id, distance_km, base_cost, estimated_hours, active)
VALUES
    (185, 37, 197, 1, 773.02, 92.76, 1.03, TRUE);
INSERT INTO route_edge
(id, origin_location_id, destination_location_id, transport_type_id, distance_km, base_cost, estimated_hours, active)
VALUES
    (186, 38, 204, 1, 941.60, 112.99, 1.26, TRUE);
INSERT INTO route_edge
(id, origin_location_id, destination_location_id, transport_type_id, distance_km, base_cost, estimated_hours, active)
VALUES
    (187, 38, 44, 1, 976.78, 117.21, 1.30, TRUE);
INSERT INTO route_edge
(id, origin_location_id, destination_location_id, transport_type_id, distance_km, base_cost, estimated_hours, active)
VALUES
    (188, 38, 85, 1, 1006.25, 120.75, 1.34, TRUE);
INSERT INTO route_edge
(id, origin_location_id, destination_location_id, transport_type_id, distance_km, base_cost, estimated_hours, active)
VALUES
    (189, 38, 39, 1, 1028.00, 123.36, 1.37, TRUE);
INSERT INTO route_edge
(id, origin_location_id, destination_location_id, transport_type_id, distance_km, base_cost, estimated_hours, active)
VALUES
    (190, 38, 73, 1, 1102.28, 132.27, 1.47, TRUE);
INSERT INTO route_edge
(id, origin_location_id, destination_location_id, transport_type_id, distance_km, base_cost, estimated_hours, active)
VALUES
    (191, 39, 7, 1, 558.79, 67.05, 0.75, TRUE);
INSERT INTO route_edge
(id, origin_location_id, destination_location_id, transport_type_id, distance_km, base_cost, estimated_hours, active)
VALUES
    (192, 39, 73, 1, 833.96, 100.07, 1.11, TRUE);
INSERT INTO route_edge
(id, origin_location_id, destination_location_id, transport_type_id, distance_km, base_cost, estimated_hours, active)
VALUES
    (193, 39, 85, 1, 913.85, 109.66, 1.22, TRUE);
INSERT INTO route_edge
(id, origin_location_id, destination_location_id, transport_type_id, distance_km, base_cost, estimated_hours, active)
VALUES
    (194, 39, 38, 1, 1028.00, 123.36, 1.37, TRUE);
INSERT INTO route_edge
(id, origin_location_id, destination_location_id, transport_type_id, distance_km, base_cost, estimated_hours, active)
VALUES
    (195, 39, 198, 1, 1079.56, 129.55, 1.44, TRUE);
INSERT INTO route_edge
(id, origin_location_id, destination_location_id, transport_type_id, distance_km, base_cost, estimated_hours, active)
VALUES
    (196, 40, 72, 1, 185.62, 22.27, 0.25, TRUE);
INSERT INTO route_edge
(id, origin_location_id, destination_location_id, transport_type_id, distance_km, base_cost, estimated_hours, active)
VALUES
    (197, 40, 128, 1, 376.89, 45.23, 0.50, TRUE);
INSERT INTO route_edge
(id, origin_location_id, destination_location_id, transport_type_id, distance_km, base_cost, estimated_hours, active)
VALUES
    (198, 40, 18, 1, 485.20, 58.22, 0.65, TRUE);
INSERT INTO route_edge
(id, origin_location_id, destination_location_id, transport_type_id, distance_km, base_cost, estimated_hours, active)
VALUES
    (199, 40, 11, 1, 550.39, 66.05, 0.73, TRUE);
INSERT INTO route_edge
(id, origin_location_id, destination_location_id, transport_type_id, distance_km, base_cost, estimated_hours, active)
VALUES
    (200, 40, 193, 1, 563.13, 67.58, 0.75, TRUE);
INSERT INTO route_edge
(id, origin_location_id, destination_location_id, transport_type_id, distance_km, base_cost, estimated_hours, active)
VALUES
    (201, 41, 79, 1, 417.91, 50.15, 0.56, TRUE);
INSERT INTO route_edge
(id, origin_location_id, destination_location_id, transport_type_id, distance_km, base_cost, estimated_hours, active)
VALUES
    (202, 41, 206, 1, 581.96, 69.84, 0.78, TRUE);
INSERT INTO route_edge
(id, origin_location_id, destination_location_id, transport_type_id, distance_km, base_cost, estimated_hours, active)
VALUES
    (203, 41, 19, 1, 657.42, 78.89, 0.88, TRUE);
INSERT INTO route_edge
(id, origin_location_id, destination_location_id, transport_type_id, distance_km, base_cost, estimated_hours, active)
VALUES
    (204, 41, 125, 1, 720.20, 86.42, 0.96, TRUE);
INSERT INTO route_edge
(id, origin_location_id, destination_location_id, transport_type_id, distance_km, base_cost, estimated_hours, active)
VALUES
    (205, 41, 23, 1, 845.04, 101.40, 1.13, TRUE);
INSERT INTO route_edge
(id, origin_location_id, destination_location_id, transport_type_id, distance_km, base_cost, estimated_hours, active)
VALUES
    (206, 42, 162, 1, 1082.02, 129.84, 1.44, TRUE);
INSERT INTO route_edge
(id, origin_location_id, destination_location_id, transport_type_id, distance_km, base_cost, estimated_hours, active)
VALUES
    (207, 42, 167, 1, 1143.83, 137.26, 1.53, TRUE);
INSERT INTO route_edge
(id, origin_location_id, destination_location_id, transport_type_id, distance_km, base_cost, estimated_hours, active)
VALUES
    (208, 42, 10, 1, 1383.68, 166.04, 1.84, TRUE);
INSERT INTO route_edge
(id, origin_location_id, destination_location_id, transport_type_id, distance_km, base_cost, estimated_hours, active)
VALUES
    (209, 42, 231, 1, 1530.57, 183.67, 2.04, TRUE);
INSERT INTO route_edge
(id, origin_location_id, destination_location_id, transport_type_id, distance_km, base_cost, estimated_hours, active)
VALUES
    (210, 42, 212, 1, 1589.76, 190.77, 2.12, TRUE);
INSERT INTO route_edge
(id, origin_location_id, destination_location_id, transport_type_id, distance_km, base_cost, estimated_hours, active)
VALUES
    (211, 43, 9, 1, 986.11, 118.33, 1.31, TRUE);
INSERT INTO route_edge
(id, origin_location_id, destination_location_id, transport_type_id, distance_km, base_cost, estimated_hours, active)
VALUES
    (212, 43, 69, 1, 1601.40, 192.17, 2.14, TRUE);
INSERT INTO route_edge
(id, origin_location_id, destination_location_id, transport_type_id, distance_km, base_cost, estimated_hours, active)
VALUES
    (213, 43, 222, 1, 1659.66, 199.16, 2.21, TRUE);
INSERT INTO route_edge
(id, origin_location_id, destination_location_id, transport_type_id, distance_km, base_cost, estimated_hours, active)
VALUES
    (214, 43, 176, 1, 2302.85, 276.34, 3.07, TRUE);
INSERT INTO route_edge
(id, origin_location_id, destination_location_id, transport_type_id, distance_km, base_cost, estimated_hours, active)
VALUES
    (215, 43, 27, 1, 2580.25, 309.63, 3.44, TRUE);
INSERT INTO route_edge
(id, origin_location_id, destination_location_id, transport_type_id, distance_km, base_cost, estimated_hours, active)
VALUES
    (216, 44, 85, 1, 233.77, 28.05, 0.31, TRUE);
INSERT INTO route_edge
(id, origin_location_id, destination_location_id, transport_type_id, distance_km, base_cost, estimated_hours, active)
VALUES
    (217, 44, 73, 1, 395.90, 47.51, 0.53, TRUE);
INSERT INTO route_edge
(id, origin_location_id, destination_location_id, transport_type_id, distance_km, base_cost, estimated_hours, active)
VALUES
    (218, 44, 156, 1, 417.31, 50.08, 0.56, TRUE);
INSERT INTO route_edge
(id, origin_location_id, destination_location_id, transport_type_id, distance_km, base_cost, estimated_hours, active)
VALUES
    (219, 44, 198, 1, 523.79, 62.85, 0.70, TRUE);
INSERT INTO route_edge
(id, origin_location_id, destination_location_id, transport_type_id, distance_km, base_cost, estimated_hours, active)
VALUES
    (220, 44, 206, 1, 967.76, 116.13, 1.29, TRUE);
INSERT INTO route_edge
(id, origin_location_id, destination_location_id, transport_type_id, distance_km, base_cost, estimated_hours, active)
VALUES
    (221, 45, 116, 1, 326.16, 39.14, 0.43, TRUE);
INSERT INTO route_edge
(id, origin_location_id, destination_location_id, transport_type_id, distance_km, base_cost, estimated_hours, active)
VALUES
    (222, 45, 117, 1, 781.20, 93.74, 1.04, TRUE);
INSERT INTO route_edge
(id, origin_location_id, destination_location_id, transport_type_id, distance_km, base_cost, estimated_hours, active)
VALUES
    (223, 45, 140, 1, 1473.74, 176.85, 1.96, TRUE);
INSERT INTO route_edge
(id, origin_location_id, destination_location_id, transport_type_id, distance_km, base_cost, estimated_hours, active)
VALUES
    (224, 45, 109, 1, 1534.46, 184.14, 2.05, TRUE);
INSERT INTO route_edge
(id, origin_location_id, destination_location_id, transport_type_id, distance_km, base_cost, estimated_hours, active)
VALUES
    (225, 45, 216, 1, 2139.71, 256.77, 2.85, TRUE);
INSERT INTO route_edge
(id, origin_location_id, destination_location_id, transport_type_id, distance_km, base_cost, estimated_hours, active)
VALUES
    (226, 46, 165, 1, 543.10, 65.17, 0.72, TRUE);
INSERT INTO route_edge
(id, origin_location_id, destination_location_id, transport_type_id, distance_km, base_cost, estimated_hours, active)
VALUES
    (227, 46, 60, 1, 741.63, 89.00, 0.99, TRUE);
INSERT INTO route_edge
(id, origin_location_id, destination_location_id, transport_type_id, distance_km, base_cost, estimated_hours, active)
VALUES
    (228, 46, 13, 1, 921.01, 110.52, 1.23, TRUE);
INSERT INTO route_edge
(id, origin_location_id, destination_location_id, transport_type_id, distance_km, base_cost, estimated_hours, active)
VALUES
    (229, 46, 50, 1, 975.50, 117.06, 1.30, TRUE);
INSERT INTO route_edge
(id, origin_location_id, destination_location_id, transport_type_id, distance_km, base_cost, estimated_hours, active)
VALUES
    (230, 46, 28, 1, 1027.83, 123.34, 1.37, TRUE);
INSERT INTO route_edge
(id, origin_location_id, destination_location_id, transport_type_id, distance_km, base_cost, estimated_hours, active)
VALUES
    (231, 47, 157, 1, 320.53, 38.46, 0.43, TRUE);
INSERT INTO route_edge
(id, origin_location_id, destination_location_id, transport_type_id, distance_km, base_cost, estimated_hours, active)
VALUES
    (232, 47, 165, 1, 538.98, 64.68, 0.72, TRUE);
INSERT INTO route_edge
(id, origin_location_id, destination_location_id, transport_type_id, distance_km, base_cost, estimated_hours, active)
VALUES
    (233, 47, 199, 1, 652.39, 78.29, 0.87, TRUE);
INSERT INTO route_edge
(id, origin_location_id, destination_location_id, transport_type_id, distance_km, base_cost, estimated_hours, active)
VALUES
    (234, 47, 92, 1, 746.35, 89.56, 1.00, TRUE);
INSERT INTO route_edge
(id, origin_location_id, destination_location_id, transport_type_id, distance_km, base_cost, estimated_hours, active)
VALUES
    (235, 47, 87, 1, 855.20, 102.62, 1.14, TRUE);
INSERT INTO route_edge
(id, origin_location_id, destination_location_id, transport_type_id, distance_km, base_cost, estimated_hours, active)
VALUES
    (236, 48, 119, 1, 425.23, 51.03, 0.57, TRUE);
INSERT INTO route_edge
(id, origin_location_id, destination_location_id, transport_type_id, distance_km, base_cost, estimated_hours, active)
VALUES
    (237, 48, 30, 1, 551.31, 66.16, 0.74, TRUE);
INSERT INTO route_edge
(id, origin_location_id, destination_location_id, transport_type_id, distance_km, base_cost, estimated_hours, active)
VALUES
    (238, 48, 107, 1, 811.42, 97.37, 1.08, TRUE);
INSERT INTO route_edge
(id, origin_location_id, destination_location_id, transport_type_id, distance_km, base_cost, estimated_hours, active)
VALUES
    (239, 48, 92, 1, 857.76, 102.93, 1.14, TRUE);
INSERT INTO route_edge
(id, origin_location_id, destination_location_id, transport_type_id, distance_km, base_cost, estimated_hours, active)
VALUES
    (240, 48, 34, 1, 863.00, 103.56, 1.15, TRUE);
INSERT INTO route_edge
(id, origin_location_id, destination_location_id, transport_type_id, distance_km, base_cost, estimated_hours, active)
VALUES
    (241, 49, 194, 1, 669.80, 80.38, 0.89, TRUE);
INSERT INTO route_edge
(id, origin_location_id, destination_location_id, transport_type_id, distance_km, base_cost, estimated_hours, active)
VALUES
    (242, 49, 144, 1, 760.29, 91.23, 1.01, TRUE);
INSERT INTO route_edge
(id, origin_location_id, destination_location_id, transport_type_id, distance_km, base_cost, estimated_hours, active)
VALUES
    (243, 49, 82, 1, 774.80, 92.98, 1.03, TRUE);
INSERT INTO route_edge
(id, origin_location_id, destination_location_id, transport_type_id, distance_km, base_cost, estimated_hours, active)
VALUES
    (244, 49, 89, 1, 952.83, 114.34, 1.27, TRUE);
INSERT INTO route_edge
(id, origin_location_id, destination_location_id, transport_type_id, distance_km, base_cost, estimated_hours, active)
VALUES
    (245, 49, 83, 1, 1286.52, 154.38, 1.72, TRUE);
INSERT INTO route_edge
(id, origin_location_id, destination_location_id, transport_type_id, distance_km, base_cost, estimated_hours, active)
VALUES
    (246, 50, 28, 1, 75.42, 9.05, 0.10, TRUE);
INSERT INTO route_edge
(id, origin_location_id, destination_location_id, transport_type_id, distance_km, base_cost, estimated_hours, active)
VALUES
    (247, 50, 13, 1, 119.69, 14.36, 0.16, TRUE);
INSERT INTO route_edge
(id, origin_location_id, destination_location_id, transport_type_id, distance_km, base_cost, estimated_hours, active)
VALUES
    (248, 50, 225, 1, 519.72, 62.37, 0.69, TRUE);
INSERT INTO route_edge
(id, origin_location_id, destination_location_id, transport_type_id, distance_km, base_cost, estimated_hours, active)
VALUES
    (249, 50, 58, 1, 698.10, 83.77, 0.93, TRUE);
INSERT INTO route_edge
(id, origin_location_id, destination_location_id, transport_type_id, distance_km, base_cost, estimated_hours, active)
VALUES
    (250, 50, 173, 1, 763.92, 91.67, 1.02, TRUE);
INSERT INTO route_edge
(id, origin_location_id, destination_location_id, transport_type_id, distance_km, base_cost, estimated_hours, active)
VALUES
    (251, 51, 36, 1, 984.84, 118.18, 1.31, TRUE);
INSERT INTO route_edge
(id, origin_location_id, destination_location_id, transport_type_id, distance_km, base_cost, estimated_hours, active)
VALUES
    (252, 51, 96, 1, 1229.82, 147.58, 1.64, TRUE);
INSERT INTO route_edge
(id, origin_location_id, destination_location_id, transport_type_id, distance_km, base_cost, estimated_hours, active)
VALUES
    (253, 51, 188, 1, 1325.53, 159.06, 1.77, TRUE);
INSERT INTO route_edge
(id, origin_location_id, destination_location_id, transport_type_id, distance_km, base_cost, estimated_hours, active)
VALUES
    (254, 51, 151, 1, 1424.12, 170.89, 1.90, TRUE);
INSERT INTO route_edge
(id, origin_location_id, destination_location_id, transport_type_id, distance_km, base_cost, estimated_hours, active)
VALUES
    (255, 51, 26, 1, 1994.08, 239.29, 2.66, TRUE);
INSERT INTO route_edge
(id, origin_location_id, destination_location_id, transport_type_id, distance_km, base_cost, estimated_hours, active)
VALUES
    (256, 52, 122, 1, 207.37, 24.88, 0.28, TRUE);
INSERT INTO route_edge
(id, origin_location_id, destination_location_id, transport_type_id, distance_km, base_cost, estimated_hours, active)
VALUES
    (257, 52, 201, 1, 356.82, 42.82, 0.48, TRUE);
INSERT INTO route_edge
(id, origin_location_id, destination_location_id, transport_type_id, distance_km, base_cost, estimated_hours, active)
VALUES
    (258, 52, 108, 1, 390.35, 46.84, 0.52, TRUE);
INSERT INTO route_edge
(id, origin_location_id, destination_location_id, transport_type_id, distance_km, base_cost, estimated_hours, active)
VALUES
    (259, 52, 213, 1, 586.74, 70.41, 0.78, TRUE);
INSERT INTO route_edge
(id, origin_location_id, destination_location_id, transport_type_id, distance_km, base_cost, estimated_hours, active)
VALUES
    (260, 52, 98, 1, 587.12, 70.45, 0.78, TRUE);
INSERT INTO route_edge
(id, origin_location_id, destination_location_id, transport_type_id, distance_km, base_cost, estimated_hours, active)
VALUES
    (261, 53, 171, 1, 216.04, 25.93, 0.29, TRUE);
INSERT INTO route_edge
(id, origin_location_id, destination_location_id, transport_type_id, distance_km, base_cost, estimated_hours, active)
VALUES
    (262, 53, 11, 1, 272.47, 32.70, 0.36, TRUE);
INSERT INTO route_edge
(id, origin_location_id, destination_location_id, transport_type_id, distance_km, base_cost, estimated_hours, active)
VALUES
    (263, 53, 191, 1, 303.66, 36.44, 0.40, TRUE);
INSERT INTO route_edge
(id, origin_location_id, destination_location_id, transport_type_id, distance_km, base_cost, estimated_hours, active)
VALUES
    (264, 53, 54, 1, 372.36, 44.68, 0.50, TRUE);
INSERT INTO route_edge
(id, origin_location_id, destination_location_id, transport_type_id, distance_km, base_cost, estimated_hours, active)
VALUES
    (265, 53, 190, 1, 431.37, 51.76, 0.58, TRUE);
INSERT INTO route_edge
(id, origin_location_id, destination_location_id, transport_type_id, distance_km, base_cost, estimated_hours, active)
VALUES
    (266, 54, 128, 1, 300.30, 36.04, 0.40, TRUE);
INSERT INTO route_edge
(id, origin_location_id, destination_location_id, transport_type_id, distance_km, base_cost, estimated_hours, active)
VALUES
    (267, 54, 158, 1, 332.76, 39.93, 0.44, TRUE);
INSERT INTO route_edge
(id, origin_location_id, destination_location_id, transport_type_id, distance_km, base_cost, estimated_hours, active)
VALUES
    (268, 54, 18, 1, 361.49, 43.38, 0.48, TRUE);
INSERT INTO route_edge
(id, origin_location_id, destination_location_id, transport_type_id, distance_km, base_cost, estimated_hours, active)
VALUES
    (269, 54, 53, 1, 372.36, 44.68, 0.50, TRUE);
INSERT INTO route_edge
(id, origin_location_id, destination_location_id, transport_type_id, distance_km, base_cost, estimated_hours, active)
VALUES
    (270, 54, 72, 1, 445.44, 53.45, 0.59, TRUE);
INSERT INTO route_edge
(id, origin_location_id, destination_location_id, transport_type_id, distance_km, base_cost, estimated_hours, active)
VALUES
    (271, 55, 195, 1, 247.62, 29.71, 0.33, TRUE);
INSERT INTO route_edge
(id, origin_location_id, destination_location_id, transport_type_id, distance_km, base_cost, estimated_hours, active)
VALUES
    (272, 55, 234, 1, 248.31, 29.80, 0.33, TRUE);
INSERT INTO route_edge
(id, origin_location_id, destination_location_id, transport_type_id, distance_km, base_cost, estimated_hours, active)
VALUES
    (273, 55, 66, 1, 556.04, 66.73, 0.74, TRUE);
INSERT INTO route_edge
(id, origin_location_id, destination_location_id, transport_type_id, distance_km, base_cost, estimated_hours, active)
VALUES
    (274, 55, 64, 1, 614.64, 73.76, 0.82, TRUE);
INSERT INTO route_edge
(id, origin_location_id, destination_location_id, transport_type_id, distance_km, base_cost, estimated_hours, active)
VALUES
    (275, 55, 183, 1, 746.20, 89.54, 0.99, TRUE);
INSERT INTO route_edge
(id, origin_location_id, destination_location_id, transport_type_id, distance_km, base_cost, estimated_hours, active)
VALUES
    (276, 56, 187, 1, 228.54, 27.43, 0.30, TRUE);
INSERT INTO route_edge
(id, origin_location_id, destination_location_id, transport_type_id, distance_km, base_cost, estimated_hours, active)
VALUES
    (277, 56, 54, 1, 514.28, 61.71, 0.69, TRUE);
INSERT INTO route_edge
(id, origin_location_id, destination_location_id, transport_type_id, distance_km, base_cost, estimated_hours, active)
VALUES
    (278, 56, 171, 1, 574.73, 68.97, 0.77, TRUE);
INSERT INTO route_edge
(id, origin_location_id, destination_location_id, transport_type_id, distance_km, base_cost, estimated_hours, active)
VALUES
    (279, 56, 53, 1, 622.80, 74.74, 0.83, TRUE);
INSERT INTO route_edge
(id, origin_location_id, destination_location_id, transport_type_id, distance_km, base_cost, estimated_hours, active)
VALUES
    (280, 56, 158, 1, 633.38, 76.01, 0.84, TRUE);
INSERT INTO route_edge
(id, origin_location_id, destination_location_id, transport_type_id, distance_km, base_cost, estimated_hours, active)
VALUES
    (281, 57, 143, 1, 92.85, 11.14, 0.12, TRUE);
INSERT INTO route_edge
(id, origin_location_id, destination_location_id, transport_type_id, distance_km, base_cost, estimated_hours, active)
VALUES
    (282, 57, 84, 1, 104.36, 12.52, 0.14, TRUE);
INSERT INTO route_edge
(id, origin_location_id, destination_location_id, transport_type_id, distance_km, base_cost, estimated_hours, active)
VALUES
    (283, 57, 145, 1, 183.05, 21.97, 0.24, TRUE);
INSERT INTO route_edge
(id, origin_location_id, destination_location_id, transport_type_id, distance_km, base_cost, estimated_hours, active)
VALUES
    (284, 57, 123, 1, 184.47, 22.14, 0.25, TRUE);
INSERT INTO route_edge
(id, origin_location_id, destination_location_id, transport_type_id, distance_km, base_cost, estimated_hours, active)
VALUES
    (285, 57, 3, 1, 204.67, 24.56, 0.27, TRUE);
INSERT INTO route_edge
(id, origin_location_id, destination_location_id, transport_type_id, distance_km, base_cost, estimated_hours, active)
VALUES
    (286, 58, 94, 1, 302.57, 36.31, 0.40, TRUE);
INSERT INTO route_edge
(id, origin_location_id, destination_location_id, transport_type_id, distance_km, base_cost, estimated_hours, active)
VALUES
    (287, 58, 173, 1, 386.83, 46.42, 0.52, TRUE);
INSERT INTO route_edge
(id, origin_location_id, destination_location_id, transport_type_id, distance_km, base_cost, estimated_hours, active)
VALUES
    (288, 58, 203, 1, 460.33, 55.24, 0.61, TRUE);
INSERT INTO route_edge
(id, origin_location_id, destination_location_id, transport_type_id, distance_km, base_cost, estimated_hours, active)
VALUES
    (289, 58, 227, 1, 495.16, 59.42, 0.66, TRUE);
INSERT INTO route_edge
(id, origin_location_id, destination_location_id, transport_type_id, distance_km, base_cost, estimated_hours, active)
VALUES
    (290, 58, 226, 1, 540.84, 64.90, 0.72, TRUE);
INSERT INTO route_edge
(id, origin_location_id, destination_location_id, transport_type_id, distance_km, base_cost, estimated_hours, active)
VALUES
    (291, 59, 211, 1, 624.72, 74.97, 0.83, TRUE);
INSERT INTO route_edge
(id, origin_location_id, destination_location_id, transport_type_id, distance_km, base_cost, estimated_hours, active)
VALUES
    (292, 59, 80, 1, 768.39, 92.21, 1.02, TRUE);
INSERT INTO route_edge
(id, origin_location_id, destination_location_id, transport_type_id, distance_km, base_cost, estimated_hours, active)
VALUES
    (293, 59, 65, 1, 811.88, 97.43, 1.08, TRUE);
INSERT INTO route_edge
(id, origin_location_id, destination_location_id, transport_type_id, distance_km, base_cost, estimated_hours, active)
VALUES
    (294, 59, 174, 1, 995.28, 119.43, 1.33, TRUE);
INSERT INTO route_edge
(id, origin_location_id, destination_location_id, transport_type_id, distance_km, base_cost, estimated_hours, active)
VALUES
    (295, 59, 146, 1, 1014.77, 121.77, 1.35, TRUE);
INSERT INTO route_edge
(id, origin_location_id, destination_location_id, transport_type_id, distance_km, base_cost, estimated_hours, active)
VALUES
    (296, 60, 46, 1, 741.63, 89.00, 0.99, TRUE);
INSERT INTO route_edge
(id, origin_location_id, destination_location_id, transport_type_id, distance_km, base_cost, estimated_hours, active)
VALUES
    (297, 60, 165, 1, 900.28, 108.03, 1.20, TRUE);
INSERT INTO route_edge
(id, origin_location_id, destination_location_id, transport_type_id, distance_km, base_cost, estimated_hours, active)
VALUES
    (298, 60, 47, 1, 1123.22, 134.79, 1.50, TRUE);
INSERT INTO route_edge
(id, origin_location_id, destination_location_id, transport_type_id, distance_km, base_cost, estimated_hours, active)
VALUES
    (299, 60, 166, 1, 1181.53, 141.78, 1.58, TRUE);
INSERT INTO route_edge
(id, origin_location_id, destination_location_id, transport_type_id, distance_km, base_cost, estimated_hours, active)
VALUES
    (300, 60, 157, 1, 1435.69, 172.28, 1.91, TRUE);
INSERT INTO route_edge
(id, origin_location_id, destination_location_id, transport_type_id, distance_km, base_cost, estimated_hours, active)
VALUES
    (301, 61, 67, 1, 100.91, 12.11, 0.13, TRUE);
INSERT INTO route_edge
(id, origin_location_id, destination_location_id, transport_type_id, distance_km, base_cost, estimated_hours, active)
VALUES
    (302, 61, 129, 1, 281.72, 33.81, 0.38, TRUE);
INSERT INTO route_edge
(id, origin_location_id, destination_location_id, transport_type_id, distance_km, base_cost, estimated_hours, active)
VALUES
    (303, 61, 127, 1, 496.77, 59.61, 0.66, TRUE);
INSERT INTO route_edge
(id, origin_location_id, destination_location_id, transport_type_id, distance_km, base_cost, estimated_hours, active)
VALUES
    (304, 61, 33, 1, 644.71, 77.36, 0.86, TRUE);
INSERT INTO route_edge
(id, origin_location_id, destination_location_id, transport_type_id, distance_km, base_cost, estimated_hours, active)
VALUES
    (305, 61, 187, 1, 752.80, 90.34, 1.00, TRUE);
INSERT INTO route_edge
(id, origin_location_id, destination_location_id, transport_type_id, distance_km, base_cost, estimated_hours, active)
VALUES
    (306, 62, 98, 1, 640.52, 76.86, 0.85, TRUE);
INSERT INTO route_edge
(id, origin_location_id, destination_location_id, transport_type_id, distance_km, base_cost, estimated_hours, active)
VALUES
    (307, 62, 108, 1, 890.22, 106.83, 1.19, TRUE);
INSERT INTO route_edge
(id, origin_location_id, destination_location_id, transport_type_id, distance_km, base_cost, estimated_hours, active)
VALUES
    (308, 62, 186, 1, 981.24, 117.75, 1.31, TRUE);
INSERT INTO route_edge
(id, origin_location_id, destination_location_id, transport_type_id, distance_km, base_cost, estimated_hours, active)
VALUES
    (309, 62, 183, 1, 981.76, 117.81, 1.31, TRUE);
INSERT INTO route_edge
(id, origin_location_id, destination_location_id, transport_type_id, distance_km, base_cost, estimated_hours, active)
VALUES
    (310, 62, 64, 1, 1010.33, 121.24, 1.35, TRUE);
INSERT INTO route_edge
(id, origin_location_id, destination_location_id, transport_type_id, distance_km, base_cost, estimated_hours, active)
VALUES
    (311, 63, 131, 1, 513.00, 61.56, 0.68, TRUE);
INSERT INTO route_edge
(id, origin_location_id, destination_location_id, transport_type_id, distance_km, base_cost, estimated_hours, active)
VALUES
    (312, 63, 144, 1, 1021.56, 122.59, 1.36, TRUE);
INSERT INTO route_edge
(id, origin_location_id, destination_location_id, transport_type_id, distance_km, base_cost, estimated_hours, active)
VALUES
    (313, 63, 174, 1, 1203.75, 144.45, 1.60, TRUE);
INSERT INTO route_edge
(id, origin_location_id, destination_location_id, transport_type_id, distance_km, base_cost, estimated_hours, active)
VALUES
    (314, 63, 80, 1, 1247.63, 149.72, 1.66, TRUE);
INSERT INTO route_edge
(id, origin_location_id, destination_location_id, transport_type_id, distance_km, base_cost, estimated_hours, active)
VALUES
    (315, 63, 65, 1, 1333.27, 159.99, 1.78, TRUE);
INSERT INTO route_edge
(id, origin_location_id, destination_location_id, transport_type_id, distance_km, base_cost, estimated_hours, active)
VALUES
    (316, 64, 183, 1, 451.50, 54.18, 0.60, TRUE);
INSERT INTO route_edge
(id, origin_location_id, destination_location_id, transport_type_id, distance_km, base_cost, estimated_hours, active)
VALUES
    (317, 64, 55, 1, 614.64, 73.76, 0.82, TRUE);
INSERT INTO route_edge
(id, origin_location_id, destination_location_id, transport_type_id, distance_km, base_cost, estimated_hours, active)
VALUES
    (318, 64, 234, 1, 686.83, 82.42, 0.92, TRUE);
INSERT INTO route_edge
(id, origin_location_id, destination_location_id, transport_type_id, distance_km, base_cost, estimated_hours, active)
VALUES
    (319, 64, 186, 1, 730.00, 87.60, 0.97, TRUE);
INSERT INTO route_edge
(id, origin_location_id, destination_location_id, transport_type_id, distance_km, base_cost, estimated_hours, active)
VALUES
    (320, 64, 66, 1, 746.70, 89.60, 1.00, TRUE);
INSERT INTO route_edge
(id, origin_location_id, destination_location_id, transport_type_id, distance_km, base_cost, estimated_hours, active)
VALUES
    (321, 65, 80, 1, 148.89, 17.87, 0.20, TRUE);
INSERT INTO route_edge
(id, origin_location_id, destination_location_id, transport_type_id, distance_km, base_cost, estimated_hours, active)
VALUES
    (322, 65, 174, 1, 189.34, 22.72, 0.25, TRUE);
INSERT INTO route_edge
(id, origin_location_id, destination_location_id, transport_type_id, distance_km, base_cost, estimated_hours, active)
VALUES
    (323, 65, 59, 1, 811.88, 97.43, 1.08, TRUE);
INSERT INTO route_edge
(id, origin_location_id, destination_location_id, transport_type_id, distance_km, base_cost, estimated_hours, active)
VALUES
    (324, 65, 131, 1, 853.07, 102.37, 1.14, TRUE);
INSERT INTO route_edge
(id, origin_location_id, destination_location_id, transport_type_id, distance_km, base_cost, estimated_hours, active)
VALUES
    (325, 65, 63, 1, 1333.27, 159.99, 1.78, TRUE);
INSERT INTO route_edge
(id, origin_location_id, destination_location_id, transport_type_id, distance_km, base_cost, estimated_hours, active)
VALUES
    (326, 66, 55, 1, 556.04, 66.73, 0.74, TRUE);
INSERT INTO route_edge
(id, origin_location_id, destination_location_id, transport_type_id, distance_km, base_cost, estimated_hours, active)
VALUES
    (327, 66, 195, 1, 582.99, 69.96, 0.78, TRUE);
INSERT INTO route_edge
(id, origin_location_id, destination_location_id, transport_type_id, distance_km, base_cost, estimated_hours, active)
VALUES
    (328, 66, 64, 1, 746.70, 89.60, 1.00, TRUE);
INSERT INTO route_edge
(id, origin_location_id, destination_location_id, transport_type_id, distance_km, base_cost, estimated_hours, active)
VALUES
    (329, 66, 234, 1, 803.77, 96.45, 1.07, TRUE);
INSERT INTO route_edge
(id, origin_location_id, destination_location_id, transport_type_id, distance_km, base_cost, estimated_hours, active)
VALUES
    (330, 66, 197, 1, 916.23, 109.95, 1.22, TRUE);
INSERT INTO route_edge
(id, origin_location_id, destination_location_id, transport_type_id, distance_km, base_cost, estimated_hours, active)
VALUES
    (331, 67, 61, 1, 100.91, 12.11, 0.13, TRUE);
INSERT INTO route_edge
(id, origin_location_id, destination_location_id, transport_type_id, distance_km, base_cost, estimated_hours, active)
VALUES
    (332, 67, 129, 1, 382.13, 45.86, 0.51, TRUE);
INSERT INTO route_edge
(id, origin_location_id, destination_location_id, transport_type_id, distance_km, base_cost, estimated_hours, active)
VALUES
    (333, 67, 127, 1, 597.65, 71.72, 0.80, TRUE);
INSERT INTO route_edge
(id, origin_location_id, destination_location_id, transport_type_id, distance_km, base_cost, estimated_hours, active)
VALUES
    (334, 67, 33, 1, 738.56, 88.63, 0.98, TRUE);
INSERT INTO route_edge
(id, origin_location_id, destination_location_id, transport_type_id, distance_km, base_cost, estimated_hours, active)
VALUES
    (335, 67, 187, 1, 782.72, 93.93, 1.04, TRUE);
INSERT INTO route_edge
(id, origin_location_id, destination_location_id, transport_type_id, distance_km, base_cost, estimated_hours, active)
VALUES
    (336, 68, 230, 1, 847.03, 101.64, 1.13, TRUE);
INSERT INTO route_edge
(id, origin_location_id, destination_location_id, transport_type_id, distance_km, base_cost, estimated_hours, active)
VALUES
    (337, 68, 212, 1, 867.80, 104.14, 1.16, TRUE);
INSERT INTO route_edge
(id, origin_location_id, destination_location_id, transport_type_id, distance_km, base_cost, estimated_hours, active)
VALUES
    (338, 68, 229, 1, 965.63, 115.88, 1.29, TRUE);
INSERT INTO route_edge
(id, origin_location_id, destination_location_id, transport_type_id, distance_km, base_cost, estimated_hours, active)
VALUES
    (339, 68, 215, 1, 1044.68, 125.36, 1.39, TRUE);
INSERT INTO route_edge
(id, origin_location_id, destination_location_id, transport_type_id, distance_km, base_cost, estimated_hours, active)
VALUES
    (340, 68, 231, 1, 1210.56, 145.27, 1.61, TRUE);
INSERT INTO route_edge
(id, origin_location_id, destination_location_id, transport_type_id, distance_km, base_cost, estimated_hours, active)
VALUES
    (341, 69, 9, 1, 965.00, 115.80, 1.29, TRUE);
INSERT INTO route_edge
(id, origin_location_id, destination_location_id, transport_type_id, distance_km, base_cost, estimated_hours, active)
VALUES
    (342, 69, 43, 1, 1601.40, 192.17, 2.14, TRUE);
INSERT INTO route_edge
(id, origin_location_id, destination_location_id, transport_type_id, distance_km, base_cost, estimated_hours, active)
VALUES
    (343, 69, 222, 1, 1898.70, 227.84, 2.53, TRUE);
INSERT INTO route_edge
(id, origin_location_id, destination_location_id, transport_type_id, distance_km, base_cost, estimated_hours, active)
VALUES
    (344, 69, 176, 1, 2956.88, 354.83, 3.94, TRUE);
INSERT INTO route_edge
(id, origin_location_id, destination_location_id, transport_type_id, distance_km, base_cost, estimated_hours, active)
VALUES
    (345, 69, 8, 1, 3059.75, 367.17, 4.08, TRUE);
INSERT INTO route_edge
(id, origin_location_id, destination_location_id, transport_type_id, distance_km, base_cost, estimated_hours, active)
VALUES
    (346, 70, 88, 1, 1020.51, 122.46, 1.36, TRUE);
INSERT INTO route_edge
(id, origin_location_id, destination_location_id, transport_type_id, distance_km, base_cost, estimated_hours, active)
VALUES
    (347, 70, 142, 1, 1037.38, 124.49, 1.38, TRUE);
INSERT INTO route_edge
(id, origin_location_id, destination_location_id, transport_type_id, distance_km, base_cost, estimated_hours, active)
VALUES
    (348, 70, 168, 1, 1660.06, 199.21, 2.21, TRUE);
INSERT INTO route_edge
(id, origin_location_id, destination_location_id, transport_type_id, distance_km, base_cost, estimated_hours, active)
VALUES
    (349, 70, 161, 1, 1894.41, 227.33, 2.53, TRUE);
INSERT INTO route_edge
(id, origin_location_id, destination_location_id, transport_type_id, distance_km, base_cost, estimated_hours, active)
VALUES
    (350, 70, 175, 1, 1907.38, 228.89, 2.54, TRUE);
INSERT INTO route_edge
(id, origin_location_id, destination_location_id, transport_type_id, distance_km, base_cost, estimated_hours, active)
VALUES
    (351, 71, 104, 1, 661.42, 79.37, 0.88, TRUE);
INSERT INTO route_edge
(id, origin_location_id, destination_location_id, transport_type_id, distance_km, base_cost, estimated_hours, active)
VALUES
    (352, 71, 159, 1, 692.61, 83.11, 0.92, TRUE);
INSERT INTO route_edge
(id, origin_location_id, destination_location_id, transport_type_id, distance_km, base_cost, estimated_hours, active)
VALUES
    (353, 71, 99, 1, 900.76, 108.09, 1.20, TRUE);
INSERT INTO route_edge
(id, origin_location_id, destination_location_id, transport_type_id, distance_km, base_cost, estimated_hours, active)
VALUES
    (354, 71, 97, 1, 961.97, 115.44, 1.28, TRUE);
INSERT INTO route_edge
(id, origin_location_id, destination_location_id, transport_type_id, distance_km, base_cost, estimated_hours, active)
VALUES
    (355, 71, 74, 1, 1012.65, 121.52, 1.35, TRUE);
INSERT INTO route_edge
(id, origin_location_id, destination_location_id, transport_type_id, distance_km, base_cost, estimated_hours, active)
VALUES
    (356, 72, 40, 1, 185.62, 22.27, 0.25, TRUE);
INSERT INTO route_edge
(id, origin_location_id, destination_location_id, transport_type_id, distance_km, base_cost, estimated_hours, active)
VALUES
    (357, 72, 128, 1, 244.98, 29.40, 0.33, TRUE);
INSERT INTO route_edge
(id, origin_location_id, destination_location_id, transport_type_id, distance_km, base_cost, estimated_hours, active)
VALUES
    (358, 72, 18, 1, 388.57, 46.63, 0.52, TRUE);
INSERT INTO route_edge
(id, origin_location_id, destination_location_id, transport_type_id, distance_km, base_cost, estimated_hours, active)
VALUES
    (359, 72, 11, 1, 410.83, 49.30, 0.55, TRUE);
INSERT INTO route_edge
(id, origin_location_id, destination_location_id, transport_type_id, distance_km, base_cost, estimated_hours, active)
VALUES
    (360, 72, 54, 1, 445.44, 53.45, 0.59, TRUE);
INSERT INTO route_edge
(id, origin_location_id, destination_location_id, transport_type_id, distance_km, base_cost, estimated_hours, active)
VALUES
    (361, 73, 85, 1, 166.69, 20.00, 0.22, TRUE);
INSERT INTO route_edge
(id, origin_location_id, destination_location_id, transport_type_id, distance_km, base_cost, estimated_hours, active)
VALUES
    (362, 73, 198, 1, 300.35, 36.04, 0.40, TRUE);
INSERT INTO route_edge
(id, origin_location_id, destination_location_id, transport_type_id, distance_km, base_cost, estimated_hours, active)
VALUES
    (363, 73, 44, 1, 395.90, 47.51, 0.53, TRUE);
INSERT INTO route_edge
(id, origin_location_id, destination_location_id, transport_type_id, distance_km, base_cost, estimated_hours, active)
VALUES
    (364, 73, 156, 1, 707.82, 84.94, 0.94, TRUE);
INSERT INTO route_edge
(id, origin_location_id, destination_location_id, transport_type_id, distance_km, base_cost, estimated_hours, active)
VALUES
    (365, 73, 39, 1, 833.96, 100.07, 1.11, TRUE);
INSERT INTO route_edge
(id, origin_location_id, destination_location_id, transport_type_id, distance_km, base_cost, estimated_hours, active)
VALUES
    (366, 74, 99, 1, 174.50, 20.94, 0.23, TRUE);
INSERT INTO route_edge
(id, origin_location_id, destination_location_id, transport_type_id, distance_km, base_cost, estimated_hours, active)
VALUES
    (367, 74, 97, 1, 264.22, 31.71, 0.35, TRUE);
INSERT INTO route_edge
(id, origin_location_id, destination_location_id, transport_type_id, distance_km, base_cost, estimated_hours, active)
VALUES
    (368, 74, 78, 1, 405.14, 48.62, 0.54, TRUE);
INSERT INTO route_edge
(id, origin_location_id, destination_location_id, transport_type_id, distance_km, base_cost, estimated_hours, active)
VALUES
    (369, 74, 106, 1, 460.55, 55.27, 0.61, TRUE);
INSERT INTO route_edge
(id, origin_location_id, destination_location_id, transport_type_id, distance_km, base_cost, estimated_hours, active)
VALUES
    (370, 74, 158, 1, 486.92, 58.43, 0.65, TRUE);
INSERT INTO route_edge
(id, origin_location_id, destination_location_id, transport_type_id, distance_km, base_cost, estimated_hours, active)
VALUES
    (371, 75, 214, 1, 140.81, 16.90, 0.19, TRUE);
INSERT INTO route_edge
(id, origin_location_id, destination_location_id, transport_type_id, distance_km, base_cost, estimated_hours, active)
VALUES
    (372, 75, 224, 1, 145.90, 17.51, 0.19, TRUE);
INSERT INTO route_edge
(id, origin_location_id, destination_location_id, transport_type_id, distance_km, base_cost, estimated_hours, active)
VALUES
    (373, 75, 123, 1, 212.41, 25.49, 0.28, TRUE);
INSERT INTO route_edge
(id, origin_location_id, destination_location_id, transport_type_id, distance_km, base_cost, estimated_hours, active)
VALUES
    (374, 75, 16, 1, 276.02, 33.12, 0.37, TRUE);
INSERT INTO route_edge
(id, origin_location_id, destination_location_id, transport_type_id, distance_km, base_cost, estimated_hours, active)
VALUES
    (375, 75, 143, 1, 299.85, 35.98, 0.40, TRUE);
INSERT INTO route_edge
(id, origin_location_id, destination_location_id, transport_type_id, distance_km, base_cost, estimated_hours, active)
VALUES
    (376, 76, 6, 1, 276.59, 33.19, 0.37, TRUE);
INSERT INTO route_edge
(id, origin_location_id, destination_location_id, transport_type_id, distance_km, base_cost, estimated_hours, active)
VALUES
    (377, 76, 14, 1, 357.35, 42.88, 0.48, TRUE);
INSERT INTO route_edge
(id, origin_location_id, destination_location_id, transport_type_id, distance_km, base_cost, estimated_hours, active)
VALUES
    (378, 76, 218, 1, 755.50, 90.66, 1.01, TRUE);
INSERT INTO route_edge
(id, origin_location_id, destination_location_id, transport_type_id, distance_km, base_cost, estimated_hours, active)
VALUES
    (379, 76, 201, 1, 805.84, 96.70, 1.07, TRUE);
INSERT INTO route_edge
(id, origin_location_id, destination_location_id, transport_type_id, distance_km, base_cost, estimated_hours, active)
VALUES
    (380, 76, 213, 1, 826.09, 99.13, 1.10, TRUE);
INSERT INTO route_edge
(id, origin_location_id, destination_location_id, transport_type_id, distance_km, base_cost, estimated_hours, active)
VALUES
    (381, 77, 196, 1, 320.84, 38.50, 0.43, TRUE);
INSERT INTO route_edge
(id, origin_location_id, destination_location_id, transport_type_id, distance_km, base_cost, estimated_hours, active)
VALUES
    (382, 77, 90, 1, 678.22, 81.39, 0.90, TRUE);
INSERT INTO route_edge
(id, origin_location_id, destination_location_id, transport_type_id, distance_km, base_cost, estimated_hours, active)
VALUES
    (383, 77, 214, 1, 1168.03, 140.16, 1.56, TRUE);
INSERT INTO route_edge
(id, origin_location_id, destination_location_id, transport_type_id, distance_km, base_cost, estimated_hours, active)
VALUES
    (384, 77, 16, 1, 1206.09, 144.73, 1.61, TRUE);
INSERT INTO route_edge
(id, origin_location_id, destination_location_id, transport_type_id, distance_km, base_cost, estimated_hours, active)
VALUES
    (385, 77, 75, 1, 1308.11, 156.97, 1.74, TRUE);
INSERT INTO route_edge
(id, origin_location_id, destination_location_id, transport_type_id, distance_km, base_cost, estimated_hours, active)
VALUES
    (386, 78, 106, 1, 55.42, 6.65, 0.07, TRUE);
INSERT INTO route_edge
(id, origin_location_id, destination_location_id, transport_type_id, distance_km, base_cost, estimated_hours, active)
VALUES
    (387, 78, 74, 1, 405.14, 48.62, 0.54, TRUE);
INSERT INTO route_edge
(id, origin_location_id, destination_location_id, transport_type_id, distance_km, base_cost, estimated_hours, active)
VALUES
    (388, 78, 18, 1, 483.39, 58.01, 0.64, TRUE);
INSERT INTO route_edge
(id, origin_location_id, destination_location_id, transport_type_id, distance_km, base_cost, estimated_hours, active)
VALUES
    (389, 78, 97, 1, 499.42, 59.93, 0.67, TRUE);
INSERT INTO route_edge
(id, origin_location_id, destination_location_id, transport_type_id, distance_km, base_cost, estimated_hours, active)
VALUES
    (390, 78, 99, 1, 513.93, 61.67, 0.69, TRUE);
INSERT INTO route_edge
(id, origin_location_id, destination_location_id, transport_type_id, distance_km, base_cost, estimated_hours, active)
VALUES
    (391, 79, 206, 1, 169.11, 20.29, 0.23, TRUE);
INSERT INTO route_edge
(id, origin_location_id, destination_location_id, transport_type_id, distance_km, base_cost, estimated_hours, active)
VALUES
    (392, 79, 41, 1, 417.91, 50.15, 0.56, TRUE);
INSERT INTO route_edge
(id, origin_location_id, destination_location_id, transport_type_id, distance_km, base_cost, estimated_hours, active)
VALUES
    (393, 79, 23, 1, 513.91, 61.67, 0.69, TRUE);
INSERT INTO route_edge
(id, origin_location_id, destination_location_id, transport_type_id, distance_km, base_cost, estimated_hours, active)
VALUES
    (394, 79, 156, 1, 758.58, 91.03, 1.01, TRUE);
INSERT INTO route_edge
(id, origin_location_id, destination_location_id, transport_type_id, distance_km, base_cost, estimated_hours, active)
VALUES
    (395, 79, 19, 1, 768.89, 92.27, 1.03, TRUE);
INSERT INTO route_edge
(id, origin_location_id, destination_location_id, transport_type_id, distance_km, base_cost, estimated_hours, active)
VALUES
    (396, 80, 65, 1, 148.89, 17.87, 0.20, TRUE);
INSERT INTO route_edge
(id, origin_location_id, destination_location_id, transport_type_id, distance_km, base_cost, estimated_hours, active)
VALUES
    (397, 80, 174, 1, 252.99, 30.36, 0.34, TRUE);
INSERT INTO route_edge
(id, origin_location_id, destination_location_id, transport_type_id, distance_km, base_cost, estimated_hours, active)
VALUES
    (398, 80, 131, 1, 750.05, 90.01, 1.00, TRUE);
INSERT INTO route_edge
(id, origin_location_id, destination_location_id, transport_type_id, distance_km, base_cost, estimated_hours, active)
VALUES
    (399, 80, 59, 1, 768.39, 92.21, 1.02, TRUE);
INSERT INTO route_edge
(id, origin_location_id, destination_location_id, transport_type_id, distance_km, base_cost, estimated_hours, active)
VALUES
    (400, 80, 63, 1, 1247.63, 149.72, 1.66, TRUE);
INSERT INTO route_edge
(id, origin_location_id, destination_location_id, transport_type_id, distance_km, base_cost, estimated_hours, active)
VALUES
    (401, 81, 104, 1, 1572.96, 188.76, 2.10, TRUE);
INSERT INTO route_edge
(id, origin_location_id, destination_location_id, transport_type_id, distance_km, base_cost, estimated_hours, active)
VALUES
    (402, 81, 172, 1, 1957.38, 234.89, 2.61, TRUE);
INSERT INTO route_edge
(id, origin_location_id, destination_location_id, transport_type_id, distance_km, base_cost, estimated_hours, active)
VALUES
    (403, 81, 71, 1, 2198.23, 263.79, 2.93, TRUE);
INSERT INTO route_edge
(id, origin_location_id, destination_location_id, transport_type_id, distance_km, base_cost, estimated_hours, active)
VALUES
    (404, 81, 221, 1, 2765.69, 331.88, 3.69, TRUE);
INSERT INTO route_edge
(id, origin_location_id, destination_location_id, transport_type_id, distance_km, base_cost, estimated_hours, active)
VALUES
    (405, 81, 159, 1, 2785.89, 334.31, 3.71, TRUE);
INSERT INTO route_edge
(id, origin_location_id, destination_location_id, transport_type_id, distance_km, base_cost, estimated_hours, active)
VALUES
    (406, 82, 194, 1, 155.00, 18.60, 0.21, TRUE);
INSERT INTO route_edge
(id, origin_location_id, destination_location_id, transport_type_id, distance_km, base_cost, estimated_hours, active)
VALUES
    (407, 82, 89, 1, 193.68, 23.24, 0.26, TRUE);
INSERT INTO route_edge
(id, origin_location_id, destination_location_id, transport_type_id, distance_km, base_cost, estimated_hours, active)
VALUES
    (408, 82, 83, 1, 533.51, 64.02, 0.71, TRUE);
INSERT INTO route_edge
(id, origin_location_id, destination_location_id, transport_type_id, distance_km, base_cost, estimated_hours, active)
VALUES
    (409, 82, 144, 1, 557.66, 66.92, 0.74, TRUE);
INSERT INTO route_edge
(id, origin_location_id, destination_location_id, transport_type_id, distance_km, base_cost, estimated_hours, active)
VALUES
    (410, 82, 192, 1, 646.47, 77.58, 0.86, TRUE);
INSERT INTO route_edge
(id, origin_location_id, destination_location_id, transport_type_id, distance_km, base_cost, estimated_hours, active)
VALUES
    (411, 83, 192, 1, 116.18, 13.94, 0.15, TRUE);
INSERT INTO route_edge
(id, origin_location_id, destination_location_id, transport_type_id, distance_km, base_cost, estimated_hours, active)
VALUES
    (412, 83, 89, 1, 340.79, 40.89, 0.45, TRUE);
INSERT INTO route_edge
(id, origin_location_id, destination_location_id, transport_type_id, distance_km, base_cost, estimated_hours, active)
VALUES
    (413, 83, 125, 1, 516.00, 61.92, 0.69, TRUE);
INSERT INTO route_edge
(id, origin_location_id, destination_location_id, transport_type_id, distance_km, base_cost, estimated_hours, active)
VALUES
    (414, 83, 82, 1, 533.51, 64.02, 0.71, TRUE);
INSERT INTO route_edge
(id, origin_location_id, destination_location_id, transport_type_id, distance_km, base_cost, estimated_hours, active)
VALUES
    (415, 83, 194, 1, 679.92, 81.59, 0.91, TRUE);
INSERT INTO route_edge
(id, origin_location_id, destination_location_id, transport_type_id, distance_km, base_cost, estimated_hours, active)
VALUES
    (416, 84, 145, 1, 91.56, 10.99, 0.12, TRUE);
INSERT INTO route_edge
(id, origin_location_id, destination_location_id, transport_type_id, distance_km, base_cost, estimated_hours, active)
VALUES
    (417, 84, 3, 1, 100.76, 12.09, 0.13, TRUE);
INSERT INTO route_edge
(id, origin_location_id, destination_location_id, transport_type_id, distance_km, base_cost, estimated_hours, active)
VALUES
    (418, 84, 57, 1, 104.36, 12.52, 0.14, TRUE);
INSERT INTO route_edge
(id, origin_location_id, destination_location_id, transport_type_id, distance_km, base_cost, estimated_hours, active)
VALUES
    (419, 84, 115, 1, 171.65, 20.60, 0.23, TRUE);
INSERT INTO route_edge
(id, origin_location_id, destination_location_id, transport_type_id, distance_km, base_cost, estimated_hours, active)
VALUES
    (420, 84, 143, 1, 194.65, 23.36, 0.26, TRUE);
INSERT INTO route_edge
(id, origin_location_id, destination_location_id, transport_type_id, distance_km, base_cost, estimated_hours, active)
VALUES
    (421, 85, 73, 1, 166.69, 20.00, 0.22, TRUE);
INSERT INTO route_edge
(id, origin_location_id, destination_location_id, transport_type_id, distance_km, base_cost, estimated_hours, active)
VALUES
    (422, 85, 44, 1, 233.77, 28.05, 0.31, TRUE);
INSERT INTO route_edge
(id, origin_location_id, destination_location_id, transport_type_id, distance_km, base_cost, estimated_hours, active)
VALUES
    (423, 85, 198, 1, 383.55, 46.03, 0.51, TRUE);
INSERT INTO route_edge
(id, origin_location_id, destination_location_id, transport_type_id, distance_km, base_cost, estimated_hours, active)
VALUES
    (424, 85, 156, 1, 591.40, 70.97, 0.79, TRUE);
INSERT INTO route_edge
(id, origin_location_id, destination_location_id, transport_type_id, distance_km, base_cost, estimated_hours, active)
VALUES
    (425, 85, 39, 1, 913.85, 109.66, 1.22, TRUE);
INSERT INTO route_edge
(id, origin_location_id, destination_location_id, transport_type_id, distance_km, base_cost, estimated_hours, active)
VALUES
    (426, 86, 137, 1, 189.08, 22.69, 0.25, TRUE);
INSERT INTO route_edge
(id, origin_location_id, destination_location_id, transport_type_id, distance_km, base_cost, estimated_hours, active)
VALUES
    (427, 86, 5, 1, 202.27, 24.27, 0.27, TRUE);
INSERT INTO route_edge
(id, origin_location_id, destination_location_id, transport_type_id, distance_km, base_cost, estimated_hours, active)
VALUES
    (428, 86, 133, 1, 311.64, 37.40, 0.42, TRUE);
INSERT INTO route_edge
(id, origin_location_id, destination_location_id, transport_type_id, distance_km, base_cost, estimated_hours, active)
VALUES
    (429, 86, 232, 1, 343.55, 41.23, 0.46, TRUE);
INSERT INTO route_edge
(id, origin_location_id, destination_location_id, transport_type_id, distance_km, base_cost, estimated_hours, active)
VALUES
    (430, 86, 15, 1, 444.03, 53.28, 0.59, TRUE);
INSERT INTO route_edge
(id, origin_location_id, destination_location_id, transport_type_id, distance_km, base_cost, estimated_hours, active)
VALUES
    (431, 87, 199, 1, 203.06, 24.37, 0.27, TRUE);
INSERT INTO route_edge
(id, origin_location_id, destination_location_id, transport_type_id, distance_km, base_cost, estimated_hours, active)
VALUES
    (432, 87, 34, 1, 405.68, 48.68, 0.54, TRUE);
INSERT INTO route_edge
(id, origin_location_id, destination_location_id, transport_type_id, distance_km, base_cost, estimated_hours, active)
VALUES
    (433, 87, 92, 1, 470.48, 56.46, 0.63, TRUE);
INSERT INTO route_edge
(id, origin_location_id, destination_location_id, transport_type_id, distance_km, base_cost, estimated_hours, active)
VALUES
    (434, 87, 157, 1, 544.12, 65.29, 0.73, TRUE);
INSERT INTO route_edge
(id, origin_location_id, destination_location_id, transport_type_id, distance_km, base_cost, estimated_hours, active)
VALUES
    (435, 87, 47, 1, 855.20, 102.62, 1.14, TRUE);
INSERT INTO route_edge
(id, origin_location_id, destination_location_id, transport_type_id, distance_km, base_cost, estimated_hours, active)
VALUES
    (436, 88, 142, 1, 90.30, 10.84, 0.12, TRUE);
INSERT INTO route_edge
(id, origin_location_id, destination_location_id, transport_type_id, distance_km, base_cost, estimated_hours, active)
VALUES
    (437, 88, 70, 1, 1020.51, 122.46, 1.36, TRUE);
INSERT INTO route_edge
(id, origin_location_id, destination_location_id, transport_type_id, distance_km, base_cost, estimated_hours, active)
VALUES
    (438, 88, 175, 1, 1310.97, 157.32, 1.75, TRUE);
INSERT INTO route_edge
(id, origin_location_id, destination_location_id, transport_type_id, distance_km, base_cost, estimated_hours, active)
VALUES
    (439, 88, 169, 1, 2209.87, 265.18, 2.95, TRUE);
INSERT INTO route_edge
(id, origin_location_id, destination_location_id, transport_type_id, distance_km, base_cost, estimated_hours, active)
VALUES
    (440, 88, 168, 1, 2239.94, 268.79, 2.99, TRUE);
INSERT INTO route_edge
(id, origin_location_id, destination_location_id, transport_type_id, distance_km, base_cost, estimated_hours, active)
VALUES
    (441, 89, 82, 1, 193.68, 23.24, 0.26, TRUE);
INSERT INTO route_edge
(id, origin_location_id, destination_location_id, transport_type_id, distance_km, base_cost, estimated_hours, active)
VALUES
    (442, 89, 83, 1, 340.79, 40.89, 0.45, TRUE);
INSERT INTO route_edge
(id, origin_location_id, destination_location_id, transport_type_id, distance_km, base_cost, estimated_hours, active)
VALUES
    (443, 89, 194, 1, 344.83, 41.38, 0.46, TRUE);
INSERT INTO route_edge
(id, origin_location_id, destination_location_id, transport_type_id, distance_km, base_cost, estimated_hours, active)
VALUES
    (444, 89, 192, 1, 452.95, 54.35, 0.60, TRUE);
INSERT INTO route_edge
(id, origin_location_id, destination_location_id, transport_type_id, distance_km, base_cost, estimated_hours, active)
VALUES
    (445, 89, 144, 1, 714.20, 85.70, 0.95, TRUE);
INSERT INTO route_edge
(id, origin_location_id, destination_location_id, transport_type_id, distance_km, base_cost, estimated_hours, active)
VALUES
    (446, 90, 196, 1, 358.48, 43.02, 0.48, TRUE);
INSERT INTO route_edge
(id, origin_location_id, destination_location_id, transport_type_id, distance_km, base_cost, estimated_hours, active)
VALUES
    (447, 90, 214, 1, 589.58, 70.75, 0.79, TRUE);
INSERT INTO route_edge
(id, origin_location_id, destination_location_id, transport_type_id, distance_km, base_cost, estimated_hours, active)
VALUES
    (448, 90, 77, 1, 678.22, 81.39, 0.90, TRUE);
INSERT INTO route_edge
(id, origin_location_id, destination_location_id, transport_type_id, distance_km, base_cost, estimated_hours, active)
VALUES
    (449, 90, 75, 1, 724.45, 86.93, 0.97, TRUE);
INSERT INTO route_edge
(id, origin_location_id, destination_location_id, transport_type_id, distance_km, base_cost, estimated_hours, active)
VALUES
    (450, 90, 16, 1, 743.67, 89.24, 0.99, TRUE);
INSERT INTO route_edge
(id, origin_location_id, destination_location_id, transport_type_id, distance_km, base_cost, estimated_hours, active)
VALUES
    (451, 91, 141, 1, 37.81, 4.54, 0.05, TRUE);
INSERT INTO route_edge
(id, origin_location_id, destination_location_id, transport_type_id, distance_km, base_cost, estimated_hours, active)
VALUES
    (452, 91, 216, 1, 661.96, 79.43, 0.88, TRUE);
INSERT INTO route_edge
(id, origin_location_id, destination_location_id, transport_type_id, distance_km, base_cost, estimated_hours, active)
VALUES
    (453, 91, 233, 1, 779.81, 93.58, 1.04, TRUE);
INSERT INTO route_edge
(id, origin_location_id, destination_location_id, transport_type_id, distance_km, base_cost, estimated_hours, active)
VALUES
    (454, 91, 121, 1, 1247.29, 149.68, 1.66, TRUE);
INSERT INTO route_edge
(id, origin_location_id, destination_location_id, transport_type_id, distance_km, base_cost, estimated_hours, active)
VALUES
    (455, 91, 228, 1, 1476.77, 177.21, 1.97, TRUE);
INSERT INTO route_edge
(id, origin_location_id, destination_location_id, transport_type_id, distance_km, base_cost, estimated_hours, active)
VALUES
    (456, 92, 34, 1, 233.18, 27.98, 0.31, TRUE);
INSERT INTO route_edge
(id, origin_location_id, destination_location_id, transport_type_id, distance_km, base_cost, estimated_hours, active)
VALUES
    (457, 92, 199, 1, 419.61, 50.35, 0.56, TRUE);
INSERT INTO route_edge
(id, origin_location_id, destination_location_id, transport_type_id, distance_km, base_cost, estimated_hours, active)
VALUES
    (458, 92, 157, 1, 465.84, 55.90, 0.62, TRUE);
INSERT INTO route_edge
(id, origin_location_id, destination_location_id, transport_type_id, distance_km, base_cost, estimated_hours, active)
VALUES
    (459, 92, 87, 1, 470.48, 56.46, 0.63, TRUE);
INSERT INTO route_edge
(id, origin_location_id, destination_location_id, transport_type_id, distance_km, base_cost, estimated_hours, active)
VALUES
    (460, 92, 119, 1, 639.09, 76.69, 0.85, TRUE);
INSERT INTO route_edge
(id, origin_location_id, destination_location_id, transport_type_id, distance_km, base_cost, estimated_hours, active)
VALUES
    (461, 93, 193, 1, 153.57, 18.43, 0.20, TRUE);
INSERT INTO route_edge
(id, origin_location_id, destination_location_id, transport_type_id, distance_km, base_cost, estimated_hours, active)
VALUES
    (462, 93, 190, 1, 153.67, 18.44, 0.20, TRUE);
INSERT INTO route_edge
(id, origin_location_id, destination_location_id, transport_type_id, distance_km, base_cost, estimated_hours, active)
VALUES
    (463, 93, 105, 1, 229.46, 27.54, 0.31, TRUE);
INSERT INTO route_edge
(id, origin_location_id, destination_location_id, transport_type_id, distance_km, base_cost, estimated_hours, active)
VALUES
    (464, 93, 11, 1, 330.04, 39.61, 0.44, TRUE);
INSERT INTO route_edge
(id, origin_location_id, destination_location_id, transport_type_id, distance_km, base_cost, estimated_hours, active)
VALUES
    (465, 93, 15, 1, 360.92, 43.31, 0.48, TRUE);
INSERT INTO route_edge
(id, origin_location_id, destination_location_id, transport_type_id, distance_km, base_cost, estimated_hours, active)
VALUES
    (466, 94, 203, 1, 227.85, 27.34, 0.30, TRUE);
INSERT INTO route_edge
(id, origin_location_id, destination_location_id, transport_type_id, distance_km, base_cost, estimated_hours, active)
VALUES
    (467, 94, 58, 1, 302.57, 36.31, 0.40, TRUE);
INSERT INTO route_edge
(id, origin_location_id, destination_location_id, transport_type_id, distance_km, base_cost, estimated_hours, active)
VALUES
    (468, 94, 107, 1, 522.11, 62.65, 0.70, TRUE);
INSERT INTO route_edge
(id, origin_location_id, destination_location_id, transport_type_id, distance_km, base_cost, estimated_hours, active)
VALUES
    (469, 94, 173, 1, 666.87, 80.02, 0.89, TRUE);
INSERT INTO route_edge
(id, origin_location_id, destination_location_id, transport_type_id, distance_km, base_cost, estimated_hours, active)
VALUES
    (470, 94, 227, 1, 774.77, 92.97, 1.03, TRUE);
INSERT INTO route_edge
(id, origin_location_id, destination_location_id, transport_type_id, distance_km, base_cost, estimated_hours, active)
VALUES
    (471, 95, 180, 1, 313.60, 37.63, 0.42, TRUE);
INSERT INTO route_edge
(id, origin_location_id, destination_location_id, transport_type_id, distance_km, base_cost, estimated_hours, active)
VALUES
    (472, 95, 191, 1, 337.27, 40.47, 0.45, TRUE);
INSERT INTO route_edge
(id, origin_location_id, destination_location_id, transport_type_id, distance_km, base_cost, estimated_hours, active)
VALUES
    (473, 95, 179, 1, 479.84, 57.58, 0.64, TRUE);
INSERT INTO route_edge
(id, origin_location_id, destination_location_id, transport_type_id, distance_km, base_cost, estimated_hours, active)
VALUES
    (474, 95, 171, 1, 528.33, 63.40, 0.70, TRUE);
INSERT INTO route_edge
(id, origin_location_id, destination_location_id, transport_type_id, distance_km, base_cost, estimated_hours, active)
VALUES
    (475, 95, 232, 1, 548.60, 65.83, 0.73, TRUE);
INSERT INTO route_edge
(id, origin_location_id, destination_location_id, transport_type_id, distance_km, base_cost, estimated_hours, active)
VALUES
    (476, 96, 188, 1, 476.35, 57.16, 0.64, TRUE);
INSERT INTO route_edge
(id, origin_location_id, destination_location_id, transport_type_id, distance_km, base_cost, estimated_hours, active)
VALUES
    (477, 96, 151, 1, 1148.09, 137.77, 1.53, TRUE);
INSERT INTO route_edge
(id, origin_location_id, destination_location_id, transport_type_id, distance_km, base_cost, estimated_hours, active)
VALUES
    (478, 96, 51, 1, 1229.82, 147.58, 1.64, TRUE);
INSERT INTO route_edge
(id, origin_location_id, destination_location_id, transport_type_id, distance_km, base_cost, estimated_hours, active)
VALUES
    (479, 96, 36, 1, 1324.05, 158.89, 1.77, TRUE);
INSERT INTO route_edge
(id, origin_location_id, destination_location_id, transport_type_id, distance_km, base_cost, estimated_hours, active)
VALUES
    (480, 96, 112, 1, 1341.17, 160.94, 1.79, TRUE);
INSERT INTO route_edge
(id, origin_location_id, destination_location_id, transport_type_id, distance_km, base_cost, estimated_hours, active)
VALUES
    (481, 97, 99, 1, 129.97, 15.60, 0.17, TRUE);
INSERT INTO route_edge
(id, origin_location_id, destination_location_id, transport_type_id, distance_km, base_cost, estimated_hours, active)
VALUES
    (482, 97, 74, 1, 264.22, 31.71, 0.35, TRUE);
INSERT INTO route_edge
(id, origin_location_id, destination_location_id, transport_type_id, distance_km, base_cost, estimated_hours, active)
VALUES
    (483, 97, 78, 1, 499.42, 59.93, 0.67, TRUE);
INSERT INTO route_edge
(id, origin_location_id, destination_location_id, transport_type_id, distance_km, base_cost, estimated_hours, active)
VALUES
    (484, 97, 106, 1, 547.65, 65.72, 0.73, TRUE);
INSERT INTO route_edge
(id, origin_location_id, destination_location_id, transport_type_id, distance_km, base_cost, estimated_hours, active)
VALUES
    (485, 97, 158, 1, 749.71, 89.96, 1.00, TRUE);
INSERT INTO route_edge
(id, origin_location_id, destination_location_id, transport_type_id, distance_km, base_cost, estimated_hours, active)
VALUES
    (486, 98, 108, 1, 266.57, 31.99, 0.36, TRUE);
INSERT INTO route_edge
(id, origin_location_id, destination_location_id, transport_type_id, distance_km, base_cost, estimated_hours, active)
VALUES
    (487, 98, 122, 1, 457.29, 54.88, 0.61, TRUE);
INSERT INTO route_edge
(id, origin_location_id, destination_location_id, transport_type_id, distance_km, base_cost, estimated_hours, active)
VALUES
    (488, 98, 52, 1, 587.12, 70.45, 0.78, TRUE);
INSERT INTO route_edge
(id, origin_location_id, destination_location_id, transport_type_id, distance_km, base_cost, estimated_hours, active)
VALUES
    (489, 98, 62, 1, 640.52, 76.86, 0.85, TRUE);
INSERT INTO route_edge
(id, origin_location_id, destination_location_id, transport_type_id, distance_km, base_cost, estimated_hours, active)
VALUES
    (490, 98, 201, 1, 746.72, 89.61, 1.00, TRUE);
INSERT INTO route_edge
(id, origin_location_id, destination_location_id, transport_type_id, distance_km, base_cost, estimated_hours, active)
VALUES
    (491, 99, 97, 1, 129.97, 15.60, 0.17, TRUE);
INSERT INTO route_edge
(id, origin_location_id, destination_location_id, transport_type_id, distance_km, base_cost, estimated_hours, active)
VALUES
    (492, 99, 74, 1, 174.50, 20.94, 0.23, TRUE);
INSERT INTO route_edge
(id, origin_location_id, destination_location_id, transport_type_id, distance_km, base_cost, estimated_hours, active)
VALUES
    (493, 99, 78, 1, 513.93, 61.67, 0.69, TRUE);
INSERT INTO route_edge
(id, origin_location_id, destination_location_id, transport_type_id, distance_km, base_cost, estimated_hours, active)
VALUES
    (494, 99, 106, 1, 567.31, 68.08, 0.76, TRUE);
INSERT INTO route_edge
(id, origin_location_id, destination_location_id, transport_type_id, distance_km, base_cost, estimated_hours, active)
VALUES
    (495, 99, 158, 1, 655.17, 78.62, 0.87, TRUE);
INSERT INTO route_edge
(id, origin_location_id, destination_location_id, transport_type_id, distance_km, base_cost, estimated_hours, active)
VALUES
    (496, 100, 124, 1, 375.37, 45.04, 0.50, TRUE);
INSERT INTO route_edge
(id, origin_location_id, destination_location_id, transport_type_id, distance_km, base_cost, estimated_hours, active)
VALUES
    (497, 100, 148, 1, 482.47, 57.90, 0.64, TRUE);
INSERT INTO route_edge
(id, origin_location_id, destination_location_id, transport_type_id, distance_km, base_cost, estimated_hours, active)
VALUES
    (498, 100, 101, 1, 1826.06, 219.13, 2.43, TRUE);
INSERT INTO route_edge
(id, origin_location_id, destination_location_id, transport_type_id, distance_km, base_cost, estimated_hours, active)
VALUES
    (499, 100, 17, 1, 2208.51, 265.02, 2.94, TRUE);
INSERT INTO route_edge
(id, origin_location_id, destination_location_id, transport_type_id, distance_km, base_cost, estimated_hours, active)
VALUES
    (500, 100, 160, 1, 2313.60, 277.63, 3.08, TRUE);
INSERT INTO route_edge
(id, origin_location_id, destination_location_id, transport_type_id, distance_km, base_cost, estimated_hours, active)
VALUES
    (501, 101, 148, 1, 1464.77, 175.77, 1.95, TRUE);
INSERT INTO route_edge
(id, origin_location_id, destination_location_id, transport_type_id, distance_km, base_cost, estimated_hours, active)
VALUES
    (502, 101, 124, 1, 1776.97, 213.24, 2.37, TRUE);
INSERT INTO route_edge
(id, origin_location_id, destination_location_id, transport_type_id, distance_km, base_cost, estimated_hours, active)
VALUES
    (503, 101, 100, 1, 1826.06, 219.13, 2.43, TRUE);
INSERT INTO route_edge
(id, origin_location_id, destination_location_id, transport_type_id, distance_km, base_cost, estimated_hours, active)
VALUES
    (504, 101, 185, 1, 1890.41, 226.85, 2.52, TRUE);
INSERT INTO route_edge
(id, origin_location_id, destination_location_id, transport_type_id, distance_km, base_cost, estimated_hours, active)
VALUES
    (505, 101, 147, 1, 2154.32, 258.52, 2.87, TRUE);
INSERT INTO route_edge
(id, origin_location_id, destination_location_id, transport_type_id, distance_km, base_cost, estimated_hours, active)
VALUES
    (506, 102, 118, 1, 150.25, 18.03, 0.20, TRUE);
INSERT INTO route_edge
(id, origin_location_id, destination_location_id, transport_type_id, distance_km, base_cost, estimated_hours, active)
VALUES
    (507, 102, 21, 1, 557.94, 66.95, 0.74, TRUE);
INSERT INTO route_edge
(id, origin_location_id, destination_location_id, transport_type_id, distance_km, base_cost, estimated_hours, active)
VALUES
    (508, 102, 177, 1, 702.06, 84.25, 0.94, TRUE);
INSERT INTO route_edge
(id, origin_location_id, destination_location_id, transport_type_id, distance_km, base_cost, estimated_hours, active)
VALUES
    (509, 102, 103, 1, 762.07, 91.45, 1.02, TRUE);
INSERT INTO route_edge
(id, origin_location_id, destination_location_id, transport_type_id, distance_km, base_cost, estimated_hours, active)
VALUES
    (510, 102, 1, 1, 1050.19, 126.02, 1.40, TRUE);
INSERT INTO route_edge
(id, origin_location_id, destination_location_id, transport_type_id, distance_km, base_cost, estimated_hours, active)
VALUES
    (511, 103, 177, 1, 279.59, 33.55, 0.37, TRUE);
INSERT INTO route_edge
(id, origin_location_id, destination_location_id, transport_type_id, distance_km, base_cost, estimated_hours, active)
VALUES
    (512, 103, 1, 1, 300.20, 36.02, 0.40, TRUE);
INSERT INTO route_edge
(id, origin_location_id, destination_location_id, transport_type_id, distance_km, base_cost, estimated_hours, active)
VALUES
    (513, 103, 21, 1, 334.18, 40.10, 0.45, TRUE);
INSERT INTO route_edge
(id, origin_location_id, destination_location_id, transport_type_id, distance_km, base_cost, estimated_hours, active)
VALUES
    (514, 103, 118, 1, 662.52, 79.50, 0.88, TRUE);
INSERT INTO route_edge
(id, origin_location_id, destination_location_id, transport_type_id, distance_km, base_cost, estimated_hours, active)
VALUES
    (515, 103, 102, 1, 762.07, 91.45, 1.02, TRUE);
INSERT INTO route_edge
(id, origin_location_id, destination_location_id, transport_type_id, distance_km, base_cost, estimated_hours, active)
VALUES
    (516, 104, 71, 1, 661.42, 79.37, 0.88, TRUE);
INSERT INTO route_edge
(id, origin_location_id, destination_location_id, transport_type_id, distance_km, base_cost, estimated_hours, active)
VALUES
    (517, 104, 159, 1, 1214.98, 145.80, 1.62, TRUE);
INSERT INTO route_edge
(id, origin_location_id, destination_location_id, transport_type_id, distance_km, base_cost, estimated_hours, active)
VALUES
    (518, 104, 99, 1, 1482.79, 177.93, 1.98, TRUE);
INSERT INTO route_edge
(id, origin_location_id, destination_location_id, transport_type_id, distance_km, base_cost, estimated_hours, active)
VALUES
    (519, 104, 97, 1, 1508.10, 180.97, 2.01, TRUE);
INSERT INTO route_edge
(id, origin_location_id, destination_location_id, transport_type_id, distance_km, base_cost, estimated_hours, active)
VALUES
    (520, 104, 81, 1, 1572.96, 188.76, 2.10, TRUE);
INSERT INTO route_edge
(id, origin_location_id, destination_location_id, transport_type_id, distance_km, base_cost, estimated_hours, active)
VALUES
    (521, 105, 193, 1, 94.85, 11.38, 0.13, TRUE);
INSERT INTO route_edge
(id, origin_location_id, destination_location_id, transport_type_id, distance_km, base_cost, estimated_hours, active)
VALUES
    (522, 105, 93, 1, 229.46, 27.54, 0.31, TRUE);
INSERT INTO route_edge
(id, origin_location_id, destination_location_id, transport_type_id, distance_km, base_cost, estimated_hours, active)
VALUES
    (523, 105, 190, 1, 380.25, 45.63, 0.51, TRUE);
INSERT INTO route_edge
(id, origin_location_id, destination_location_id, transport_type_id, distance_km, base_cost, estimated_hours, active)
VALUES
    (524, 105, 15, 1, 432.77, 51.93, 0.58, TRUE);
INSERT INTO route_edge
(id, origin_location_id, destination_location_id, transport_type_id, distance_km, base_cost, estimated_hours, active)
VALUES
    (525, 105, 11, 1, 523.73, 62.85, 0.70, TRUE);
INSERT INTO route_edge
(id, origin_location_id, destination_location_id, transport_type_id, distance_km, base_cost, estimated_hours, active)
VALUES
    (526, 106, 78, 1, 55.42, 6.65, 0.07, TRUE);
INSERT INTO route_edge
(id, origin_location_id, destination_location_id, transport_type_id, distance_km, base_cost, estimated_hours, active)
VALUES
    (527, 106, 74, 1, 460.55, 55.27, 0.61, TRUE);
INSERT INTO route_edge
(id, origin_location_id, destination_location_id, transport_type_id, distance_km, base_cost, estimated_hours, active)
VALUES
    (528, 106, 18, 1, 497.06, 59.65, 0.66, TRUE);
INSERT INTO route_edge
(id, origin_location_id, destination_location_id, transport_type_id, distance_km, base_cost, estimated_hours, active)
VALUES
    (529, 106, 97, 1, 547.65, 65.72, 0.73, TRUE);
INSERT INTO route_edge
(id, origin_location_id, destination_location_id, transport_type_id, distance_km, base_cost, estimated_hours, active)
VALUES
    (530, 106, 99, 1, 567.31, 68.08, 0.76, TRUE);
INSERT INTO route_edge
(id, origin_location_id, destination_location_id, transport_type_id, distance_km, base_cost, estimated_hours, active)
VALUES
    (531, 107, 119, 1, 504.66, 60.56, 0.67, TRUE);
INSERT INTO route_edge
(id, origin_location_id, destination_location_id, transport_type_id, distance_km, base_cost, estimated_hours, active)
VALUES
    (532, 107, 94, 1, 522.11, 62.65, 0.70, TRUE);
INSERT INTO route_edge
(id, origin_location_id, destination_location_id, transport_type_id, distance_km, base_cost, estimated_hours, active)
VALUES
    (533, 107, 203, 1, 636.70, 76.40, 0.85, TRUE);
INSERT INTO route_edge
(id, origin_location_id, destination_location_id, transport_type_id, distance_km, base_cost, estimated_hours, active)
VALUES
    (534, 107, 58, 1, 753.98, 90.48, 1.01, TRUE);
INSERT INTO route_edge
(id, origin_location_id, destination_location_id, transport_type_id, distance_km, base_cost, estimated_hours, active)
VALUES
    (535, 107, 30, 1, 792.96, 95.16, 1.06, TRUE);
INSERT INTO route_edge
(id, origin_location_id, destination_location_id, transport_type_id, distance_km, base_cost, estimated_hours, active)
VALUES
    (536, 108, 122, 1, 210.72, 25.29, 0.28, TRUE);
INSERT INTO route_edge
(id, origin_location_id, destination_location_id, transport_type_id, distance_km, base_cost, estimated_hours, active)
VALUES
    (537, 108, 98, 1, 266.57, 31.99, 0.36, TRUE);
INSERT INTO route_edge
(id, origin_location_id, destination_location_id, transport_type_id, distance_km, base_cost, estimated_hours, active)
VALUES
    (538, 108, 52, 1, 390.35, 46.84, 0.52, TRUE);
INSERT INTO route_edge
(id, origin_location_id, destination_location_id, transport_type_id, distance_km, base_cost, estimated_hours, active)
VALUES
    (539, 108, 201, 1, 481.59, 57.79, 0.64, TRUE);
INSERT INTO route_edge
(id, origin_location_id, destination_location_id, transport_type_id, distance_km, base_cost, estimated_hours, active)
VALUES
    (540, 108, 62, 1, 890.22, 106.83, 1.19, TRUE);
INSERT INTO route_edge
(id, origin_location_id, destination_location_id, transport_type_id, distance_km, base_cost, estimated_hours, active)
VALUES
    (541, 109, 116, 1, 1327.37, 159.28, 1.77, TRUE);
INSERT INTO route_edge
(id, origin_location_id, destination_location_id, transport_type_id, distance_km, base_cost, estimated_hours, active)
VALUES
    (542, 109, 117, 1, 1342.80, 161.14, 1.79, TRUE);
INSERT INTO route_edge
(id, origin_location_id, destination_location_id, transport_type_id, distance_km, base_cost, estimated_hours, active)
VALUES
    (543, 109, 45, 1, 1534.46, 184.14, 2.05, TRUE);
INSERT INTO route_edge
(id, origin_location_id, destination_location_id, transport_type_id, distance_km, base_cost, estimated_hours, active)
VALUES
    (544, 109, 216, 1, 2613.25, 313.59, 3.48, TRUE);
INSERT INTO route_edge
(id, origin_location_id, destination_location_id, transport_type_id, distance_km, base_cost, estimated_hours, active)
VALUES
    (545, 109, 142, 1, 2698.79, 323.85, 3.60, TRUE);
INSERT INTO route_edge
(id, origin_location_id, destination_location_id, transport_type_id, distance_km, base_cost, estimated_hours, active)
VALUES
    (546, 110, 219, 1, 313.43, 37.61, 0.42, TRUE);
INSERT INTO route_edge
(id, origin_location_id, destination_location_id, transport_type_id, distance_km, base_cost, estimated_hours, active)
VALUES
    (547, 110, 182, 1, 625.34, 75.04, 0.83, TRUE);
INSERT INTO route_edge
(id, origin_location_id, destination_location_id, transport_type_id, distance_km, base_cost, estimated_hours, active)
VALUES
    (548, 110, 197, 1, 640.29, 76.84, 0.85, TRUE);
INSERT INTO route_edge
(id, origin_location_id, destination_location_id, transport_type_id, distance_km, base_cost, estimated_hours, active)
VALUES
    (549, 110, 37, 1, 705.82, 84.70, 0.94, TRUE);
INSERT INTO route_edge
(id, origin_location_id, destination_location_id, transport_type_id, distance_km, base_cost, estimated_hours, active)
VALUES
    (550, 110, 22, 1, 777.71, 93.33, 1.04, TRUE);
INSERT INTO route_edge
(id, origin_location_id, destination_location_id, transport_type_id, distance_km, base_cost, estimated_hours, active)
VALUES
    (551, 111, 223, 1, 112.07, 13.45, 0.15, TRUE);
INSERT INTO route_edge
(id, origin_location_id, destination_location_id, transport_type_id, distance_km, base_cost, estimated_hours, active)
VALUES
    (552, 111, 208, 1, 455.43, 54.65, 0.61, TRUE);
INSERT INTO route_edge
(id, origin_location_id, destination_location_id, transport_type_id, distance_km, base_cost, estimated_hours, active)
VALUES
    (553, 111, 2, 1, 742.18, 89.06, 0.99, TRUE);
INSERT INTO route_edge
(id, origin_location_id, destination_location_id, transport_type_id, distance_km, base_cost, estimated_hours, active)
VALUES
    (554, 111, 210, 1, 1580.32, 189.64, 2.11, TRUE);
INSERT INTO route_edge
(id, origin_location_id, destination_location_id, transport_type_id, distance_km, base_cost, estimated_hours, active)
VALUES
    (555, 111, 160, 1, 1719.83, 206.38, 2.29, TRUE);
INSERT INTO route_edge
(id, origin_location_id, destination_location_id, transport_type_id, distance_km, base_cost, estimated_hours, active)
VALUES
    (556, 112, 207, 1, 408.92, 49.07, 0.55, TRUE);
INSERT INTO route_edge
(id, origin_location_id, destination_location_id, transport_type_id, distance_km, base_cost, estimated_hours, active)
VALUES
    (557, 112, 228, 1, 416.81, 50.02, 0.56, TRUE);
INSERT INTO route_edge
(id, origin_location_id, destination_location_id, transport_type_id, distance_km, base_cost, estimated_hours, active)
VALUES
    (558, 112, 121, 1, 1006.06, 120.73, 1.34, TRUE);
INSERT INTO route_edge
(id, origin_location_id, destination_location_id, transport_type_id, distance_km, base_cost, estimated_hours, active)
VALUES
    (559, 112, 233, 1, 1018.44, 122.21, 1.36, TRUE);
INSERT INTO route_edge
(id, origin_location_id, destination_location_id, transport_type_id, distance_km, base_cost, estimated_hours, active)
VALUES
    (560, 112, 188, 1, 1066.84, 128.02, 1.42, TRUE);
INSERT INTO route_edge
(id, origin_location_id, destination_location_id, transport_type_id, distance_km, base_cost, estimated_hours, active)
VALUES
    (561, 113, 136, 1, 665.28, 79.83, 0.89, TRUE);
INSERT INTO route_edge
(id, origin_location_id, destination_location_id, transport_type_id, distance_km, base_cost, estimated_hours, active)
VALUES
    (562, 113, 161, 1, 724.89, 86.99, 0.97, TRUE);
INSERT INTO route_edge
(id, origin_location_id, destination_location_id, transport_type_id, distance_km, base_cost, estimated_hours, active)
VALUES
    (563, 113, 215, 1, 1289.51, 154.74, 1.72, TRUE);
INSERT INTO route_edge
(id, origin_location_id, destination_location_id, transport_type_id, distance_km, base_cost, estimated_hours, active)
VALUES
    (564, 113, 184, 1, 1883.39, 226.01, 2.51, TRUE);
INSERT INTO route_edge
(id, origin_location_id, destination_location_id, transport_type_id, distance_km, base_cost, estimated_hours, active)
VALUES
    (565, 113, 230, 1, 2005.97, 240.72, 2.67, TRUE);
INSERT INTO route_edge
(id, origin_location_id, destination_location_id, transport_type_id, distance_km, base_cost, estimated_hours, active)
VALUES
    (566, 114, 235, 1, 260.47, 31.26, 0.35, TRUE);
INSERT INTO route_edge
(id, origin_location_id, destination_location_id, transport_type_id, distance_km, base_cost, estimated_hours, active)
VALUES
    (567, 114, 205, 1, 616.70, 74.00, 0.82, TRUE);
INSERT INTO route_edge
(id, origin_location_id, destination_location_id, transport_type_id, distance_km, base_cost, estimated_hours, active)
VALUES
    (568, 114, 217, 1, 683.70, 82.04, 0.91, TRUE);
INSERT INTO route_edge
(id, origin_location_id, destination_location_id, transport_type_id, distance_km, base_cost, estimated_hours, active)
VALUES
    (569, 114, 135, 1, 925.08, 111.01, 1.23, TRUE);
INSERT INTO route_edge
(id, origin_location_id, destination_location_id, transport_type_id, distance_km, base_cost, estimated_hours, active)
VALUES
    (570, 114, 149, 1, 1008.14, 120.98, 1.34, TRUE);
INSERT INTO route_edge
(id, origin_location_id, destination_location_id, transport_type_id, distance_km, base_cost, estimated_hours, active)
VALUES
    (571, 115, 24, 1, 67.30, 8.08, 0.09, TRUE);
INSERT INTO route_edge
(id, origin_location_id, destination_location_id, transport_type_id, distance_km, base_cost, estimated_hours, active)
VALUES
    (572, 115, 145, 1, 80.35, 9.64, 0.11, TRUE);
INSERT INTO route_edge
(id, origin_location_id, destination_location_id, transport_type_id, distance_km, base_cost, estimated_hours, active)
VALUES
    (573, 115, 200, 1, 91.09, 10.93, 0.12, TRUE);
INSERT INTO route_edge
(id, origin_location_id, destination_location_id, transport_type_id, distance_km, base_cost, estimated_hours, active)
VALUES
    (574, 115, 134, 1, 94.40, 11.33, 0.13, TRUE);
INSERT INTO route_edge
(id, origin_location_id, destination_location_id, transport_type_id, distance_km, base_cost, estimated_hours, active)
VALUES
    (575, 115, 3, 1, 100.28, 12.03, 0.13, TRUE);
INSERT INTO route_edge
(id, origin_location_id, destination_location_id, transport_type_id, distance_km, base_cost, estimated_hours, active)
VALUES
    (576, 116, 45, 1, 326.16, 39.14, 0.43, TRUE);
INSERT INTO route_edge
(id, origin_location_id, destination_location_id, transport_type_id, distance_km, base_cost, estimated_hours, active)
VALUES
    (577, 116, 117, 1, 474.87, 56.98, 0.63, TRUE);
INSERT INTO route_edge
(id, origin_location_id, destination_location_id, transport_type_id, distance_km, base_cost, estimated_hours, active)
VALUES
    (578, 116, 109, 1, 1327.37, 159.28, 1.77, TRUE);
INSERT INTO route_edge
(id, origin_location_id, destination_location_id, transport_type_id, distance_km, base_cost, estimated_hours, active)
VALUES
    (579, 116, 140, 1, 1780.01, 213.60, 2.37, TRUE);
INSERT INTO route_edge
(id, origin_location_id, destination_location_id, transport_type_id, distance_km, base_cost, estimated_hours, active)
VALUES
    (580, 116, 216, 1, 1918.40, 230.21, 2.56, TRUE);
INSERT INTO route_edge
(id, origin_location_id, destination_location_id, transport_type_id, distance_km, base_cost, estimated_hours, active)
VALUES
    (581, 117, 116, 1, 474.87, 56.98, 0.63, TRUE);
INSERT INTO route_edge
(id, origin_location_id, destination_location_id, transport_type_id, distance_km, base_cost, estimated_hours, active)
VALUES
    (582, 117, 45, 1, 781.20, 93.74, 1.04, TRUE);
INSERT INTO route_edge
(id, origin_location_id, destination_location_id, transport_type_id, distance_km, base_cost, estimated_hours, active)
VALUES
    (583, 117, 109, 1, 1342.80, 161.14, 1.79, TRUE);
INSERT INTO route_edge
(id, origin_location_id, destination_location_id, transport_type_id, distance_km, base_cost, estimated_hours, active)
VALUES
    (584, 117, 216, 1, 1499.51, 179.94, 2.00, TRUE);
INSERT INTO route_edge
(id, origin_location_id, destination_location_id, transport_type_id, distance_km, base_cost, estimated_hours, active)
VALUES
    (585, 117, 91, 1, 1858.80, 223.06, 2.48, TRUE);
INSERT INTO route_edge
(id, origin_location_id, destination_location_id, transport_type_id, distance_km, base_cost, estimated_hours, active)
VALUES
    (586, 118, 102, 1, 150.25, 18.03, 0.20, TRUE);
INSERT INTO route_edge
(id, origin_location_id, destination_location_id, transport_type_id, distance_km, base_cost, estimated_hours, active)
VALUES
    (587, 118, 21, 1, 420.74, 50.49, 0.56, TRUE);
INSERT INTO route_edge
(id, origin_location_id, destination_location_id, transport_type_id, distance_km, base_cost, estimated_hours, active)
VALUES
    (588, 118, 177, 1, 566.26, 67.95, 0.76, TRUE);
INSERT INTO route_edge
(id, origin_location_id, destination_location_id, transport_type_id, distance_km, base_cost, estimated_hours, active)
VALUES
    (589, 118, 103, 1, 662.52, 79.50, 0.88, TRUE);
INSERT INTO route_edge
(id, origin_location_id, destination_location_id, transport_type_id, distance_km, base_cost, estimated_hours, active)
VALUES
    (590, 118, 1, 1, 937.65, 112.52, 1.25, TRUE);
INSERT INTO route_edge
(id, origin_location_id, destination_location_id, transport_type_id, distance_km, base_cost, estimated_hours, active)
VALUES
    (591, 119, 48, 1, 425.23, 51.03, 0.57, TRUE);
INSERT INTO route_edge
(id, origin_location_id, destination_location_id, transport_type_id, distance_km, base_cost, estimated_hours, active)
VALUES
    (592, 119, 107, 1, 504.66, 60.56, 0.67, TRUE);
INSERT INTO route_edge
(id, origin_location_id, destination_location_id, transport_type_id, distance_km, base_cost, estimated_hours, active)
VALUES
    (593, 119, 92, 1, 639.09, 76.69, 0.85, TRUE);
INSERT INTO route_edge
(id, origin_location_id, destination_location_id, transport_type_id, distance_km, base_cost, estimated_hours, active)
VALUES
    (594, 119, 30, 1, 754.08, 90.49, 1.01, TRUE);
INSERT INTO route_edge
(id, origin_location_id, destination_location_id, transport_type_id, distance_km, base_cost, estimated_hours, active)
VALUES
    (595, 119, 34, 1, 758.19, 90.98, 1.01, TRUE);
INSERT INTO route_edge
(id, origin_location_id, destination_location_id, transport_type_id, distance_km, base_cost, estimated_hours, active)
VALUES
    (596, 120, 181, 1, 719.44, 86.33, 0.96, TRUE);
INSERT INTO route_edge
(id, origin_location_id, destination_location_id, transport_type_id, distance_km, base_cost, estimated_hours, active)
VALUES
    (597, 120, 14, 1, 834.78, 100.17, 1.11, TRUE);
INSERT INTO route_edge
(id, origin_location_id, destination_location_id, transport_type_id, distance_km, base_cost, estimated_hours, active)
VALUES
    (598, 120, 210, 1, 849.36, 101.92, 1.13, TRUE);
INSERT INTO route_edge
(id, origin_location_id, destination_location_id, transport_type_id, distance_km, base_cost, estimated_hours, active)
VALUES
    (599, 120, 76, 1, 919.57, 110.35, 1.23, TRUE);
INSERT INTO route_edge
(id, origin_location_id, destination_location_id, transport_type_id, distance_km, base_cost, estimated_hours, active)
VALUES
    (600, 120, 6, 1, 977.76, 117.33, 1.30, TRUE);
INSERT INTO route_edge
(id, origin_location_id, destination_location_id, transport_type_id, distance_km, base_cost, estimated_hours, active)
VALUES
    (601, 121, 139, 1, 673.62, 80.83, 0.90, TRUE);
INSERT INTO route_edge
(id, origin_location_id, destination_location_id, transport_type_id, distance_km, base_cost, estimated_hours, active)
VALUES
    (602, 121, 207, 1, 708.29, 84.99, 0.94, TRUE);
INSERT INTO route_edge
(id, origin_location_id, destination_location_id, transport_type_id, distance_km, base_cost, estimated_hours, active)
VALUES
    (603, 121, 112, 1, 1006.06, 120.73, 1.34, TRUE);
INSERT INTO route_edge
(id, origin_location_id, destination_location_id, transport_type_id, distance_km, base_cost, estimated_hours, active)
VALUES
    (604, 121, 233, 1, 1060.15, 127.22, 1.41, TRUE);
INSERT INTO route_edge
(id, origin_location_id, destination_location_id, transport_type_id, distance_km, base_cost, estimated_hours, active)
VALUES
    (605, 121, 17, 1, 1105.19, 132.62, 1.47, TRUE);
INSERT INTO route_edge
(id, origin_location_id, destination_location_id, transport_type_id, distance_km, base_cost, estimated_hours, active)
VALUES
    (606, 122, 52, 1, 207.37, 24.88, 0.28, TRUE);
INSERT INTO route_edge
(id, origin_location_id, destination_location_id, transport_type_id, distance_km, base_cost, estimated_hours, active)
VALUES
    (607, 122, 108, 1, 210.72, 25.29, 0.28, TRUE);
INSERT INTO route_edge
(id, origin_location_id, destination_location_id, transport_type_id, distance_km, base_cost, estimated_hours, active)
VALUES
    (608, 122, 201, 1, 306.66, 36.80, 0.41, TRUE);
INSERT INTO route_edge
(id, origin_location_id, destination_location_id, transport_type_id, distance_km, base_cost, estimated_hours, active)
VALUES
    (609, 122, 98, 1, 457.29, 54.88, 0.61, TRUE);
INSERT INTO route_edge
(id, origin_location_id, destination_location_id, transport_type_id, distance_km, base_cost, estimated_hours, active)
VALUES
    (610, 122, 213, 1, 735.47, 88.26, 0.98, TRUE);
INSERT INTO route_edge
(id, origin_location_id, destination_location_id, transport_type_id, distance_km, base_cost, estimated_hours, active)
VALUES
    (611, 123, 224, 1, 67.21, 8.06, 0.09, TRUE);
INSERT INTO route_edge
(id, origin_location_id, destination_location_id, transport_type_id, distance_km, base_cost, estimated_hours, active)
VALUES
    (612, 123, 143, 1, 95.54, 11.46, 0.13, TRUE);
INSERT INTO route_edge
(id, origin_location_id, destination_location_id, transport_type_id, distance_km, base_cost, estimated_hours, active)
VALUES
    (613, 123, 16, 1, 174.23, 20.91, 0.23, TRUE);
INSERT INTO route_edge
(id, origin_location_id, destination_location_id, transport_type_id, distance_km, base_cost, estimated_hours, active)
VALUES
    (614, 123, 57, 1, 184.47, 22.14, 0.25, TRUE);
INSERT INTO route_edge
(id, origin_location_id, destination_location_id, transport_type_id, distance_km, base_cost, estimated_hours, active)
VALUES
    (615, 123, 75, 1, 212.41, 25.49, 0.28, TRUE);
INSERT INTO route_edge
(id, origin_location_id, destination_location_id, transport_type_id, distance_km, base_cost, estimated_hours, active)
VALUES
    (616, 124, 100, 1, 375.37, 45.04, 0.50, TRUE);
INSERT INTO route_edge
(id, origin_location_id, destination_location_id, transport_type_id, distance_km, base_cost, estimated_hours, active)
VALUES
    (617, 124, 148, 1, 717.98, 86.16, 0.96, TRUE);
INSERT INTO route_edge
(id, origin_location_id, destination_location_id, transport_type_id, distance_km, base_cost, estimated_hours, active)
VALUES
    (618, 124, 101, 1, 1776.97, 213.24, 2.37, TRUE);
INSERT INTO route_edge
(id, origin_location_id, destination_location_id, transport_type_id, distance_km, base_cost, estimated_hours, active)
VALUES
    (619, 124, 17, 1, 2139.81, 256.78, 2.85, TRUE);
INSERT INTO route_edge
(id, origin_location_id, destination_location_id, transport_type_id, distance_km, base_cost, estimated_hours, active)
VALUES
    (620, 124, 139, 1, 2392.46, 287.09, 3.19, TRUE);
INSERT INTO route_edge
(id, origin_location_id, destination_location_id, transport_type_id, distance_km, base_cost, estimated_hours, active)
VALUES
    (621, 125, 192, 1, 409.60, 49.15, 0.55, TRUE);
INSERT INTO route_edge
(id, origin_location_id, destination_location_id, transport_type_id, distance_km, base_cost, estimated_hours, active)
VALUES
    (622, 125, 83, 1, 516.00, 61.92, 0.69, TRUE);
INSERT INTO route_edge
(id, origin_location_id, destination_location_id, transport_type_id, distance_km, base_cost, estimated_hours, active)
VALUES
    (623, 125, 41, 1, 720.20, 86.42, 0.96, TRUE);
INSERT INTO route_edge
(id, origin_location_id, destination_location_id, transport_type_id, distance_km, base_cost, estimated_hours, active)
VALUES
    (624, 125, 138, 1, 748.77, 89.85, 1.00, TRUE);
INSERT INTO route_edge
(id, origin_location_id, destination_location_id, transport_type_id, distance_km, base_cost, estimated_hours, active)
VALUES
    (625, 125, 89, 1, 856.41, 102.77, 1.14, TRUE);
INSERT INTO route_edge
(id, origin_location_id, destination_location_id, transport_type_id, distance_km, base_cost, estimated_hours, active)
VALUES
    (626, 126, 202, 1, 534.65, 64.16, 0.71, TRUE);
INSERT INTO route_edge
(id, origin_location_id, destination_location_id, transport_type_id, distance_km, base_cost, estimated_hours, active)
VALUES
    (627, 126, 32, 1, 568.55, 68.23, 0.76, TRUE);
INSERT INTO route_edge
(id, origin_location_id, destination_location_id, transport_type_id, distance_km, base_cost, estimated_hours, active)
VALUES
    (628, 126, 236, 1, 651.94, 78.23, 0.87, TRUE);
INSERT INTO route_edge
(id, origin_location_id, destination_location_id, transport_type_id, distance_km, base_cost, estimated_hours, active)
VALUES
    (629, 126, 238, 1, 1055.19, 126.62, 1.41, TRUE);
INSERT INTO route_edge
(id, origin_location_id, destination_location_id, transport_type_id, distance_km, base_cost, estimated_hours, active)
VALUES
    (630, 126, 152, 1, 1305.35, 156.64, 1.74, TRUE);
INSERT INTO route_edge
(id, origin_location_id, destination_location_id, transport_type_id, distance_km, base_cost, estimated_hours, active)
VALUES
    (631, 127, 129, 1, 217.70, 26.12, 0.29, TRUE);
INSERT INTO route_edge
(id, origin_location_id, destination_location_id, transport_type_id, distance_km, base_cost, estimated_hours, active)
VALUES
    (632, 127, 33, 1, 282.33, 33.88, 0.38, TRUE);
INSERT INTO route_edge
(id, origin_location_id, destination_location_id, transport_type_id, distance_km, base_cost, estimated_hours, active)
VALUES
    (633, 127, 61, 1, 496.77, 59.61, 0.66, TRUE);
INSERT INTO route_edge
(id, origin_location_id, destination_location_id, transport_type_id, distance_km, base_cost, estimated_hours, active)
VALUES
    (634, 127, 67, 1, 597.65, 71.72, 0.80, TRUE);
INSERT INTO route_edge
(id, origin_location_id, destination_location_id, transport_type_id, distance_km, base_cost, estimated_hours, active)
VALUES
    (635, 127, 171, 1, 644.61, 77.35, 0.86, TRUE);
INSERT INTO route_edge
(id, origin_location_id, destination_location_id, transport_type_id, distance_km, base_cost, estimated_hours, active)
VALUES
    (636, 128, 18, 1, 155.83, 18.70, 0.21, TRUE);
INSERT INTO route_edge
(id, origin_location_id, destination_location_id, transport_type_id, distance_km, base_cost, estimated_hours, active)
VALUES
    (637, 128, 72, 1, 244.98, 29.40, 0.33, TRUE);
INSERT INTO route_edge
(id, origin_location_id, destination_location_id, transport_type_id, distance_km, base_cost, estimated_hours, active)
VALUES
    (638, 128, 54, 1, 300.30, 36.04, 0.40, TRUE);
INSERT INTO route_edge
(id, origin_location_id, destination_location_id, transport_type_id, distance_km, base_cost, estimated_hours, active)
VALUES
    (639, 128, 158, 1, 314.95, 37.79, 0.42, TRUE);
INSERT INTO route_edge
(id, origin_location_id, destination_location_id, transport_type_id, distance_km, base_cost, estimated_hours, active)
VALUES
    (640, 128, 40, 1, 376.89, 45.23, 0.50, TRUE);
INSERT INTO route_edge
(id, origin_location_id, destination_location_id, transport_type_id, distance_km, base_cost, estimated_hours, active)
VALUES
    (641, 129, 127, 1, 217.70, 26.12, 0.29, TRUE);
INSERT INTO route_edge
(id, origin_location_id, destination_location_id, transport_type_id, distance_km, base_cost, estimated_hours, active)
VALUES
    (642, 129, 61, 1, 281.72, 33.81, 0.38, TRUE);
INSERT INTO route_edge
(id, origin_location_id, destination_location_id, transport_type_id, distance_km, base_cost, estimated_hours, active)
VALUES
    (643, 129, 67, 1, 382.13, 45.86, 0.51, TRUE);
INSERT INTO route_edge
(id, origin_location_id, destination_location_id, transport_type_id, distance_km, base_cost, estimated_hours, active)
VALUES
    (644, 129, 33, 1, 423.78, 50.85, 0.57, TRUE);
INSERT INTO route_edge
(id, origin_location_id, destination_location_id, transport_type_id, distance_km, base_cost, estimated_hours, active)
VALUES
    (645, 129, 187, 1, 706.38, 84.77, 0.94, TRUE);
INSERT INTO route_edge
(id, origin_location_id, destination_location_id, transport_type_id, distance_km, base_cost, estimated_hours, active)
VALUES
    (646, 130, 146, 1, 566.99, 68.04, 0.76, TRUE);
INSERT INTO route_edge
(id, origin_location_id, destination_location_id, transport_type_id, distance_km, base_cost, estimated_hours, active)
VALUES
    (647, 130, 211, 1, 871.33, 104.56, 1.16, TRUE);
INSERT INTO route_edge
(id, origin_location_id, destination_location_id, transport_type_id, distance_km, base_cost, estimated_hours, active)
VALUES
    (648, 130, 86, 1, 996.18, 119.54, 1.33, TRUE);
INSERT INTO route_edge
(id, origin_location_id, destination_location_id, transport_type_id, distance_km, base_cost, estimated_hours, active)
VALUES
    (649, 130, 5, 1, 1184.90, 142.19, 1.58, TRUE);
INSERT INTO route_edge
(id, origin_location_id, destination_location_id, transport_type_id, distance_km, base_cost, estimated_hours, active)
VALUES
    (650, 130, 137, 1, 1185.04, 142.20, 1.58, TRUE);
INSERT INTO route_edge
(id, origin_location_id, destination_location_id, transport_type_id, distance_km, base_cost, estimated_hours, active)
VALUES
    (651, 131, 63, 1, 513.00, 61.56, 0.68, TRUE);
INSERT INTO route_edge
(id, origin_location_id, destination_location_id, transport_type_id, distance_km, base_cost, estimated_hours, active)
VALUES
    (652, 131, 80, 1, 750.05, 90.01, 1.00, TRUE);
INSERT INTO route_edge
(id, origin_location_id, destination_location_id, transport_type_id, distance_km, base_cost, estimated_hours, active)
VALUES
    (653, 131, 174, 1, 756.10, 90.73, 1.01, TRUE);
INSERT INTO route_edge
(id, origin_location_id, destination_location_id, transport_type_id, distance_km, base_cost, estimated_hours, active)
VALUES
    (654, 131, 65, 1, 853.07, 102.37, 1.14, TRUE);
INSERT INTO route_edge
(id, origin_location_id, destination_location_id, transport_type_id, distance_km, base_cost, estimated_hours, active)
VALUES
    (655, 131, 59, 1, 1366.54, 163.98, 1.82, TRUE);
INSERT INTO route_edge
(id, origin_location_id, destination_location_id, transport_type_id, distance_km, base_cost, estimated_hours, active)
VALUES
    (656, 132, 179, 1, 347.69, 41.72, 0.46, TRUE);
INSERT INTO route_edge
(id, origin_location_id, destination_location_id, transport_type_id, distance_km, base_cost, estimated_hours, active)
VALUES
    (657, 132, 218, 1, 441.82, 53.02, 0.59, TRUE);
INSERT INTO route_edge
(id, origin_location_id, destination_location_id, transport_type_id, distance_km, base_cost, estimated_hours, active)
VALUES
    (658, 132, 95, 1, 555.90, 66.71, 0.74, TRUE);
INSERT INTO route_edge
(id, origin_location_id, destination_location_id, transport_type_id, distance_km, base_cost, estimated_hours, active)
VALUES
    (659, 132, 20, 1, 640.44, 76.85, 0.85, TRUE);
INSERT INTO route_edge
(id, origin_location_id, destination_location_id, transport_type_id, distance_km, base_cost, estimated_hours, active)
VALUES
    (660, 132, 180, 1, 707.11, 84.85, 0.94, TRUE);
INSERT INTO route_edge
(id, origin_location_id, destination_location_id, transport_type_id, distance_km, base_cost, estimated_hours, active)
VALUES
    (661, 133, 5, 1, 111.98, 13.44, 0.15, TRUE);
INSERT INTO route_edge
(id, origin_location_id, destination_location_id, transport_type_id, distance_km, base_cost, estimated_hours, active)
VALUES
    (662, 133, 232, 1, 148.23, 17.79, 0.20, TRUE);
INSERT INTO route_edge
(id, origin_location_id, destination_location_id, transport_type_id, distance_km, base_cost, estimated_hours, active)
VALUES
    (663, 133, 15, 1, 153.88, 18.47, 0.21, TRUE);
INSERT INTO route_edge
(id, origin_location_id, destination_location_id, transport_type_id, distance_km, base_cost, estimated_hours, active)
VALUES
    (664, 133, 137, 1, 180.21, 21.62, 0.24, TRUE);
INSERT INTO route_edge
(id, origin_location_id, destination_location_id, transport_type_id, distance_km, base_cost, estimated_hours, active)
VALUES
    (665, 133, 180, 1, 286.37, 34.36, 0.38, TRUE);
INSERT INTO route_edge
(id, origin_location_id, destination_location_id, transport_type_id, distance_km, base_cost, estimated_hours, active)
VALUES
    (666, 134, 200, 1, 9.24, 1.11, 0.01, TRUE);
INSERT INTO route_edge
(id, origin_location_id, destination_location_id, transport_type_id, distance_km, base_cost, estimated_hours, active)
VALUES
    (667, 134, 4, 1, 11.66, 1.40, 0.02, TRUE);
INSERT INTO route_edge
(id, origin_location_id, destination_location_id, transport_type_id, distance_km, base_cost, estimated_hours, active)
VALUES
    (668, 134, 24, 1, 30.65, 3.68, 0.04, TRUE);
INSERT INTO route_edge
(id, origin_location_id, destination_location_id, transport_type_id, distance_km, base_cost, estimated_hours, active)
VALUES
    (669, 134, 115, 1, 94.40, 11.33, 0.13, TRUE);
INSERT INTO route_edge
(id, origin_location_id, destination_location_id, transport_type_id, distance_km, base_cost, estimated_hours, active)
VALUES
    (670, 134, 226, 1, 162.38, 19.49, 0.22, TRUE);
INSERT INTO route_edge
(id, origin_location_id, destination_location_id, transport_type_id, distance_km, base_cost, estimated_hours, active)
VALUES
    (671, 135, 205, 1, 539.51, 64.74, 0.72, TRUE);
INSERT INTO route_edge
(id, origin_location_id, destination_location_id, transport_type_id, distance_km, base_cost, estimated_hours, active)
VALUES
    (672, 135, 235, 1, 706.02, 84.72, 0.94, TRUE);
INSERT INTO route_edge
(id, origin_location_id, destination_location_id, transport_type_id, distance_km, base_cost, estimated_hours, active)
VALUES
    (673, 135, 178, 1, 872.41, 104.69, 1.16, TRUE);
INSERT INTO route_edge
(id, origin_location_id, destination_location_id, transport_type_id, distance_km, base_cost, estimated_hours, active)
VALUES
    (674, 135, 114, 1, 925.08, 111.01, 1.23, TRUE);
INSERT INTO route_edge
(id, origin_location_id, destination_location_id, transport_type_id, distance_km, base_cost, estimated_hours, active)
VALUES
    (675, 135, 147, 1, 1084.00, 130.08, 1.45, TRUE);
INSERT INTO route_edge
(id, origin_location_id, destination_location_id, transport_type_id, distance_km, base_cost, estimated_hours, active)
VALUES
    (676, 136, 113, 1, 665.28, 79.83, 0.89, TRUE);
INSERT INTO route_edge
(id, origin_location_id, destination_location_id, transport_type_id, distance_km, base_cost, estimated_hours, active)
VALUES
    (677, 136, 161, 1, 974.52, 116.94, 1.30, TRUE);
INSERT INTO route_edge
(id, origin_location_id, destination_location_id, transport_type_id, distance_km, base_cost, estimated_hours, active)
VALUES
    (678, 136, 215, 1, 1943.30, 233.20, 2.59, TRUE);
INSERT INTO route_edge
(id, origin_location_id, destination_location_id, transport_type_id, distance_km, base_cost, estimated_hours, active)
VALUES
    (679, 136, 70, 1, 2143.31, 257.20, 2.86, TRUE);
INSERT INTO route_edge
(id, origin_location_id, destination_location_id, transport_type_id, distance_km, base_cost, estimated_hours, active)
VALUES
    (680, 136, 184, 1, 2215.30, 265.84, 2.95, TRUE);
INSERT INTO route_edge
(id, origin_location_id, destination_location_id, transport_type_id, distance_km, base_cost, estimated_hours, active)
VALUES
    (681, 137, 5, 1, 89.25, 10.71, 0.12, TRUE);
INSERT INTO route_edge
(id, origin_location_id, destination_location_id, transport_type_id, distance_km, base_cost, estimated_hours, active)
VALUES
    (682, 137, 232, 1, 156.77, 18.81, 0.21, TRUE);
INSERT INTO route_edge
(id, origin_location_id, destination_location_id, transport_type_id, distance_km, base_cost, estimated_hours, active)
VALUES
    (683, 137, 133, 1, 180.21, 21.62, 0.24, TRUE);
INSERT INTO route_edge
(id, origin_location_id, destination_location_id, transport_type_id, distance_km, base_cost, estimated_hours, active)
VALUES
    (684, 137, 86, 1, 189.08, 22.69, 0.25, TRUE);
INSERT INTO route_edge
(id, origin_location_id, destination_location_id, transport_type_id, distance_km, base_cost, estimated_hours, active)
VALUES
    (685, 137, 20, 1, 278.18, 33.38, 0.37, TRUE);
INSERT INTO route_edge
(id, origin_location_id, destination_location_id, transport_type_id, distance_km, base_cost, estimated_hours, active)
VALUES
    (686, 138, 19, 1, 422.40, 50.69, 0.56, TRUE);
INSERT INTO route_edge
(id, origin_location_id, destination_location_id, transport_type_id, distance_km, base_cost, estimated_hours, active)
VALUES
    (687, 138, 83, 1, 699.85, 83.98, 0.93, TRUE);
INSERT INTO route_edge
(id, origin_location_id, destination_location_id, transport_type_id, distance_km, base_cost, estimated_hours, active)
VALUES
    (688, 138, 192, 1, 719.94, 86.39, 0.96, TRUE);
INSERT INTO route_edge
(id, origin_location_id, destination_location_id, transport_type_id, distance_km, base_cost, estimated_hours, active)
VALUES
    (689, 138, 125, 1, 748.77, 89.85, 1.00, TRUE);
INSERT INTO route_edge
(id, origin_location_id, destination_location_id, transport_type_id, distance_km, base_cost, estimated_hours, active)
VALUES
    (690, 138, 89, 1, 840.20, 100.82, 1.12, TRUE);
INSERT INTO route_edge
(id, origin_location_id, destination_location_id, transport_type_id, distance_km, base_cost, estimated_hours, active)
VALUES
    (691, 139, 17, 1, 433.71, 52.05, 0.58, TRUE);
INSERT INTO route_edge
(id, origin_location_id, destination_location_id, transport_type_id, distance_km, base_cost, estimated_hours, active)
VALUES
    (692, 139, 121, 1, 673.62, 80.83, 0.90, TRUE);
INSERT INTO route_edge
(id, origin_location_id, destination_location_id, transport_type_id, distance_km, base_cost, estimated_hours, active)
VALUES
    (693, 139, 31, 1, 916.79, 110.01, 1.22, TRUE);
INSERT INTO route_edge
(id, origin_location_id, destination_location_id, transport_type_id, distance_km, base_cost, estimated_hours, active)
VALUES
    (694, 139, 207, 1, 1024.79, 122.97, 1.37, TRUE);
INSERT INTO route_edge
(id, origin_location_id, destination_location_id, transport_type_id, distance_km, base_cost, estimated_hours, active)
VALUES
    (695, 139, 160, 1, 1403.85, 168.46, 1.87, TRUE);
INSERT INTO route_edge
(id, origin_location_id, destination_location_id, transport_type_id, distance_km, base_cost, estimated_hours, active)
VALUES
    (696, 140, 45, 1, 1473.74, 176.85, 1.96, TRUE);
INSERT INTO route_edge
(id, origin_location_id, destination_location_id, transport_type_id, distance_km, base_cost, estimated_hours, active)
VALUES
    (697, 140, 116, 1, 1780.01, 213.60, 2.37, TRUE);
INSERT INTO route_edge
(id, origin_location_id, destination_location_id, transport_type_id, distance_km, base_cost, estimated_hours, active)
VALUES
    (698, 140, 117, 1, 2145.21, 257.43, 2.86, TRUE);
INSERT INTO route_edge
(id, origin_location_id, destination_location_id, transport_type_id, distance_km, base_cost, estimated_hours, active)
VALUES
    (699, 140, 31, 1, 2710.20, 325.22, 3.61, TRUE);
INSERT INTO route_edge
(id, origin_location_id, destination_location_id, transport_type_id, distance_km, base_cost, estimated_hours, active)
VALUES
    (700, 140, 111, 1, 2801.11, 336.13, 3.73, TRUE);
INSERT INTO route_edge
(id, origin_location_id, destination_location_id, transport_type_id, distance_km, base_cost, estimated_hours, active)
VALUES
    (701, 141, 91, 1, 37.81, 4.54, 0.05, TRUE);
INSERT INTO route_edge
(id, origin_location_id, destination_location_id, transport_type_id, distance_km, base_cost, estimated_hours, active)
VALUES
    (702, 141, 216, 1, 696.50, 83.58, 0.93, TRUE);
INSERT INTO route_edge
(id, origin_location_id, destination_location_id, transport_type_id, distance_km, base_cost, estimated_hours, active)
VALUES
    (703, 141, 233, 1, 751.09, 90.13, 1.00, TRUE);
INSERT INTO route_edge
(id, origin_location_id, destination_location_id, transport_type_id, distance_km, base_cost, estimated_hours, active)
VALUES
    (704, 141, 121, 1, 1211.43, 145.37, 1.62, TRUE);
INSERT INTO route_edge
(id, origin_location_id, destination_location_id, transport_type_id, distance_km, base_cost, estimated_hours, active)
VALUES
    (705, 141, 228, 1, 1444.41, 173.33, 1.93, TRUE);
INSERT INTO route_edge
(id, origin_location_id, destination_location_id, transport_type_id, distance_km, base_cost, estimated_hours, active)
VALUES
    (706, 142, 88, 1, 90.30, 10.84, 0.12, TRUE);
INSERT INTO route_edge
(id, origin_location_id, destination_location_id, transport_type_id, distance_km, base_cost, estimated_hours, active)
VALUES
    (707, 142, 70, 1, 1037.38, 124.49, 1.38, TRUE);
INSERT INTO route_edge
(id, origin_location_id, destination_location_id, transport_type_id, distance_km, base_cost, estimated_hours, active)
VALUES
    (708, 142, 175, 1, 1391.50, 166.98, 1.86, TRUE);
INSERT INTO route_edge
(id, origin_location_id, destination_location_id, transport_type_id, distance_km, base_cost, estimated_hours, active)
VALUES
    (709, 142, 169, 1, 2278.50, 273.42, 3.04, TRUE);
INSERT INTO route_edge
(id, origin_location_id, destination_location_id, transport_type_id, distance_km, base_cost, estimated_hours, active)
VALUES
    (710, 142, 168, 1, 2312.14, 277.46, 3.08, TRUE);
INSERT INTO route_edge
(id, origin_location_id, destination_location_id, transport_type_id, distance_km, base_cost, estimated_hours, active)
VALUES
    (711, 143, 57, 1, 92.85, 11.14, 0.12, TRUE);
INSERT INTO route_edge
(id, origin_location_id, destination_location_id, transport_type_id, distance_km, base_cost, estimated_hours, active)
VALUES
    (712, 143, 123, 1, 95.54, 11.46, 0.13, TRUE);
INSERT INTO route_edge
(id, origin_location_id, destination_location_id, transport_type_id, distance_km, base_cost, estimated_hours, active)
VALUES
    (713, 143, 224, 1, 159.92, 19.19, 0.21, TRUE);
INSERT INTO route_edge
(id, origin_location_id, destination_location_id, transport_type_id, distance_km, base_cost, estimated_hours, active)
VALUES
    (714, 143, 84, 1, 194.65, 23.36, 0.26, TRUE);
INSERT INTO route_edge
(id, origin_location_id, destination_location_id, transport_type_id, distance_km, base_cost, estimated_hours, active)
VALUES
    (715, 143, 16, 1, 234.70, 28.16, 0.31, TRUE);
INSERT INTO route_edge
(id, origin_location_id, destination_location_id, transport_type_id, distance_km, base_cost, estimated_hours, active)
VALUES
    (716, 144, 194, 1, 421.39, 50.57, 0.56, TRUE);
INSERT INTO route_edge
(id, origin_location_id, destination_location_id, transport_type_id, distance_km, base_cost, estimated_hours, active)
VALUES
    (717, 144, 82, 1, 557.66, 66.92, 0.74, TRUE);
INSERT INTO route_edge
(id, origin_location_id, destination_location_id, transport_type_id, distance_km, base_cost, estimated_hours, active)
VALUES
    (718, 144, 89, 1, 714.20, 85.70, 0.95, TRUE);
INSERT INTO route_edge
(id, origin_location_id, destination_location_id, transport_type_id, distance_km, base_cost, estimated_hours, active)
VALUES
    (719, 144, 49, 1, 760.29, 91.23, 1.01, TRUE);
INSERT INTO route_edge
(id, origin_location_id, destination_location_id, transport_type_id, distance_km, base_cost, estimated_hours, active)
VALUES
    (720, 144, 83, 1, 1003.78, 120.45, 1.34, TRUE);
INSERT INTO route_edge
(id, origin_location_id, destination_location_id, transport_type_id, distance_km, base_cost, estimated_hours, active)
VALUES
    (721, 145, 3, 1, 57.31, 6.88, 0.08, TRUE);
INSERT INTO route_edge
(id, origin_location_id, destination_location_id, transport_type_id, distance_km, base_cost, estimated_hours, active)
VALUES
    (722, 145, 115, 1, 80.35, 9.64, 0.11, TRUE);
INSERT INTO route_edge
(id, origin_location_id, destination_location_id, transport_type_id, distance_km, base_cost, estimated_hours, active)
VALUES
    (723, 145, 84, 1, 91.56, 10.99, 0.12, TRUE);
INSERT INTO route_edge
(id, origin_location_id, destination_location_id, transport_type_id, distance_km, base_cost, estimated_hours, active)
VALUES
    (724, 145, 24, 1, 141.65, 17.00, 0.19, TRUE);
INSERT INTO route_edge
(id, origin_location_id, destination_location_id, transport_type_id, distance_km, base_cost, estimated_hours, active)
VALUES
    (725, 145, 200, 1, 169.50, 20.34, 0.23, TRUE);
INSERT INTO route_edge
(id, origin_location_id, destination_location_id, transport_type_id, distance_km, base_cost, estimated_hours, active)
VALUES
    (726, 146, 211, 1, 397.89, 47.75, 0.53, TRUE);
INSERT INTO route_edge
(id, origin_location_id, destination_location_id, transport_type_id, distance_km, base_cost, estimated_hours, active)
VALUES
    (727, 146, 130, 1, 566.99, 68.04, 0.76, TRUE);
INSERT INTO route_edge
(id, origin_location_id, destination_location_id, transport_type_id, distance_km, base_cost, estimated_hours, active)
VALUES
    (728, 146, 86, 1, 633.55, 76.03, 0.84, TRUE);
INSERT INTO route_edge
(id, origin_location_id, destination_location_id, transport_type_id, distance_km, base_cost, estimated_hours, active)
VALUES
    (729, 146, 5, 1, 767.60, 92.11, 1.02, TRUE);
INSERT INTO route_edge
(id, origin_location_id, destination_location_id, transport_type_id, distance_km, base_cost, estimated_hours, active)
VALUES
    (730, 146, 137, 1, 804.26, 96.51, 1.07, TRUE);
INSERT INTO route_edge
(id, origin_location_id, destination_location_id, transport_type_id, distance_km, base_cost, estimated_hours, active)
VALUES
    (731, 147, 178, 1, 230.95, 27.71, 0.31, TRUE);
INSERT INTO route_edge
(id, origin_location_id, destination_location_id, transport_type_id, distance_km, base_cost, estimated_hours, active)
VALUES
    (732, 147, 135, 1, 1084.00, 130.08, 1.45, TRUE);
INSERT INTO route_edge
(id, origin_location_id, destination_location_id, transport_type_id, distance_km, base_cost, estimated_hours, active)
VALUES
    (733, 147, 235, 1, 1568.56, 188.23, 2.09, TRUE);
INSERT INTO route_edge
(id, origin_location_id, destination_location_id, transport_type_id, distance_km, base_cost, estimated_hours, active)
VALUES
    (734, 147, 205, 1, 1619.08, 194.29, 2.16, TRUE);
INSERT INTO route_edge
(id, origin_location_id, destination_location_id, transport_type_id, distance_km, base_cost, estimated_hours, active)
VALUES
    (735, 147, 185, 1, 1767.50, 212.10, 2.36, TRUE);
INSERT INTO route_edge
(id, origin_location_id, destination_location_id, transport_type_id, distance_km, base_cost, estimated_hours, active)
VALUES
    (736, 148, 100, 1, 482.47, 57.90, 0.64, TRUE);
INSERT INTO route_edge
(id, origin_location_id, destination_location_id, transport_type_id, distance_km, base_cost, estimated_hours, active)
VALUES
    (737, 148, 124, 1, 717.98, 86.16, 0.96, TRUE);
INSERT INTO route_edge
(id, origin_location_id, destination_location_id, transport_type_id, distance_km, base_cost, estimated_hours, active)
VALUES
    (738, 148, 101, 1, 1464.77, 175.77, 1.95, TRUE);
INSERT INTO route_edge
(id, origin_location_id, destination_location_id, transport_type_id, distance_km, base_cost, estimated_hours, active)
VALUES
    (739, 148, 164, 1, 2291.16, 274.94, 3.05, TRUE);
INSERT INTO route_edge
(id, origin_location_id, destination_location_id, transport_type_id, distance_km, base_cost, estimated_hours, active)
VALUES
    (740, 148, 185, 1, 2309.06, 277.09, 3.08, TRUE);
INSERT INTO route_edge
(id, origin_location_id, destination_location_id, transport_type_id, distance_km, base_cost, estimated_hours, active)
VALUES
    (741, 149, 152, 1, 458.09, 54.97, 0.61, TRUE);
INSERT INTO route_edge
(id, origin_location_id, destination_location_id, transport_type_id, distance_km, base_cost, estimated_hours, active)
VALUES
    (742, 149, 237, 1, 699.60, 83.95, 0.93, TRUE);
INSERT INTO route_edge
(id, origin_location_id, destination_location_id, transport_type_id, distance_km, base_cost, estimated_hours, active)
VALUES
    (743, 149, 238, 1, 827.11, 99.25, 1.10, TRUE);
INSERT INTO route_edge
(id, origin_location_id, destination_location_id, transport_type_id, distance_km, base_cost, estimated_hours, active)
VALUES
    (744, 149, 205, 1, 840.51, 100.86, 1.12, TRUE);
INSERT INTO route_edge
(id, origin_location_id, destination_location_id, transport_type_id, distance_km, base_cost, estimated_hours, active)
VALUES
    (745, 149, 114, 1, 1008.14, 120.98, 1.34, TRUE);
INSERT INTO route_edge
(id, origin_location_id, destination_location_id, transport_type_id, distance_km, base_cost, estimated_hours, active)
VALUES
    (746, 150, 87, 1, 1215.06, 145.81, 1.62, TRUE);
INSERT INTO route_edge
(id, origin_location_id, destination_location_id, transport_type_id, distance_km, base_cost, estimated_hours, active)
VALUES
    (747, 150, 34, 1, 1394.48, 167.34, 1.86, TRUE);
INSERT INTO route_edge
(id, origin_location_id, destination_location_id, transport_type_id, distance_km, base_cost, estimated_hours, active)
VALUES
    (748, 150, 199, 1, 1406.62, 168.79, 1.88, TRUE);
INSERT INTO route_edge
(id, origin_location_id, destination_location_id, transport_type_id, distance_km, base_cost, estimated_hours, active)
VALUES
    (749, 150, 92, 1, 1594.74, 191.37, 2.13, TRUE);
INSERT INTO route_edge
(id, origin_location_id, destination_location_id, transport_type_id, distance_km, base_cost, estimated_hours, active)
VALUES
    (750, 150, 157, 1, 1751.04, 210.12, 2.33, TRUE);
INSERT INTO route_edge
(id, origin_location_id, destination_location_id, transport_type_id, distance_km, base_cost, estimated_hours, active)
VALUES
    (751, 151, 26, 1, 636.92, 76.43, 0.85, TRUE);
INSERT INTO route_edge
(id, origin_location_id, destination_location_id, transport_type_id, distance_km, base_cost, estimated_hours, active)
VALUES
    (752, 151, 188, 1, 707.02, 84.84, 0.94, TRUE);
INSERT INTO route_edge
(id, origin_location_id, destination_location_id, transport_type_id, distance_km, base_cost, estimated_hours, active)
VALUES
    (753, 151, 228, 1, 1095.38, 131.45, 1.46, TRUE);
INSERT INTO route_edge
(id, origin_location_id, destination_location_id, transport_type_id, distance_km, base_cost, estimated_hours, active)
VALUES
    (754, 151, 96, 1, 1148.09, 137.77, 1.53, TRUE);
INSERT INTO route_edge
(id, origin_location_id, destination_location_id, transport_type_id, distance_km, base_cost, estimated_hours, active)
VALUES
    (755, 151, 112, 1, 1310.68, 157.28, 1.75, TRUE);
INSERT INTO route_edge
(id, origin_location_id, destination_location_id, transport_type_id, distance_km, base_cost, estimated_hours, active)
VALUES
    (756, 152, 149, 1, 458.09, 54.97, 0.61, TRUE);
INSERT INTO route_edge
(id, origin_location_id, destination_location_id, transport_type_id, distance_km, base_cost, estimated_hours, active)
VALUES
    (757, 152, 238, 1, 657.49, 78.90, 0.88, TRUE);
INSERT INTO route_edge
(id, origin_location_id, destination_location_id, transport_type_id, distance_km, base_cost, estimated_hours, active)
VALUES
    (758, 152, 236, 1, 720.32, 86.44, 0.96, TRUE);
INSERT INTO route_edge
(id, origin_location_id, destination_location_id, transport_type_id, distance_km, base_cost, estimated_hours, active)
VALUES
    (759, 152, 202, 1, 799.24, 95.91, 1.07, TRUE);
INSERT INTO route_edge
(id, origin_location_id, destination_location_id, transport_type_id, distance_km, base_cost, estimated_hours, active)
VALUES
    (760, 152, 237, 1, 845.26, 101.43, 1.13, TRUE);
INSERT INTO route_edge
(id, origin_location_id, destination_location_id, transport_type_id, distance_km, base_cost, estimated_hours, active)
VALUES
    (761, 153, 229, 1, 527.99, 63.36, 0.70, TRUE);
INSERT INTO route_edge
(id, origin_location_id, destination_location_id, transport_type_id, distance_km, base_cost, estimated_hours, active)
VALUES
    (762, 153, 155, 1, 800.32, 96.04, 1.07, TRUE);
INSERT INTO route_edge
(id, origin_location_id, destination_location_id, transport_type_id, distance_km, base_cost, estimated_hours, active)
VALUES
    (763, 153, 68, 1, 1264.84, 151.78, 1.69, TRUE);
INSERT INTO route_edge
(id, origin_location_id, destination_location_id, transport_type_id, distance_km, base_cost, estimated_hours, active)
VALUES
    (764, 153, 184, 1, 1546.30, 185.56, 2.06, TRUE);
INSERT INTO route_edge
(id, origin_location_id, destination_location_id, transport_type_id, distance_km, base_cost, estimated_hours, active)
VALUES
    (765, 153, 12, 1, 1854.38, 222.53, 2.47, TRUE);
INSERT INTO route_edge
(id, origin_location_id, destination_location_id, transport_type_id, distance_km, base_cost, estimated_hours, active)
VALUES
    (766, 154, 23, 1, 456.19, 54.74, 0.61, TRUE);
INSERT INTO route_edge
(id, origin_location_id, destination_location_id, transport_type_id, distance_km, base_cost, estimated_hours, active)
VALUES
    (767, 154, 19, 1, 753.24, 90.39, 1.00, TRUE);
INSERT INTO route_edge
(id, origin_location_id, destination_location_id, transport_type_id, distance_km, base_cost, estimated_hours, active)
VALUES
    (768, 154, 206, 1, 819.82, 98.38, 1.09, TRUE);
INSERT INTO route_edge
(id, origin_location_id, destination_location_id, transport_type_id, distance_km, base_cost, estimated_hours, active)
VALUES
    (769, 154, 79, 1, 912.88, 109.55, 1.22, TRUE);
INSERT INTO route_edge
(id, origin_location_id, destination_location_id, transport_type_id, distance_km, base_cost, estimated_hours, active)
VALUES
    (770, 154, 156, 1, 946.33, 113.56, 1.26, TRUE);
INSERT INTO route_edge
(id, origin_location_id, destination_location_id, transport_type_id, distance_km, base_cost, estimated_hours, active)
VALUES
    (771, 155, 153, 1, 800.32, 96.04, 1.07, TRUE);
INSERT INTO route_edge
(id, origin_location_id, destination_location_id, transport_type_id, distance_km, base_cost, estimated_hours, active)
VALUES
    (772, 155, 229, 1, 1261.82, 151.42, 1.68, TRUE);
INSERT INTO route_edge
(id, origin_location_id, destination_location_id, transport_type_id, distance_km, base_cost, estimated_hours, active)
VALUES
    (773, 155, 68, 1, 1583.55, 190.03, 2.11, TRUE);
INSERT INTO route_edge
(id, origin_location_id, destination_location_id, transport_type_id, distance_km, base_cost, estimated_hours, active)
VALUES
    (774, 155, 12, 1, 1590.12, 190.81, 2.12, TRUE);
INSERT INTO route_edge
(id, origin_location_id, destination_location_id, transport_type_id, distance_km, base_cost, estimated_hours, active)
VALUES
    (775, 155, 163, 1, 1657.67, 198.92, 2.21, TRUE);
INSERT INTO route_edge
(id, origin_location_id, destination_location_id, transport_type_id, distance_km, base_cost, estimated_hours, active)
VALUES
    (776, 156, 44, 1, 417.31, 50.08, 0.56, TRUE);
INSERT INTO route_edge
(id, origin_location_id, destination_location_id, transport_type_id, distance_km, base_cost, estimated_hours, active)
VALUES
    (777, 156, 23, 1, 579.10, 69.49, 0.77, TRUE);
INSERT INTO route_edge
(id, origin_location_id, destination_location_id, transport_type_id, distance_km, base_cost, estimated_hours, active)
VALUES
    (778, 156, 85, 1, 591.40, 70.97, 0.79, TRUE);
INSERT INTO route_edge
(id, origin_location_id, destination_location_id, transport_type_id, distance_km, base_cost, estimated_hours, active)
VALUES
    (779, 156, 206, 1, 598.16, 71.78, 0.80, TRUE);
INSERT INTO route_edge
(id, origin_location_id, destination_location_id, transport_type_id, distance_km, base_cost, estimated_hours, active)
VALUES
    (780, 156, 198, 1, 647.84, 77.74, 0.86, TRUE);
INSERT INTO route_edge
(id, origin_location_id, destination_location_id, transport_type_id, distance_km, base_cost, estimated_hours, active)
VALUES
    (781, 157, 47, 1, 320.53, 38.46, 0.43, TRUE);
INSERT INTO route_edge
(id, origin_location_id, destination_location_id, transport_type_id, distance_km, base_cost, estimated_hours, active)
VALUES
    (782, 157, 199, 1, 345.00, 41.40, 0.46, TRUE);
INSERT INTO route_edge
(id, origin_location_id, destination_location_id, transport_type_id, distance_km, base_cost, estimated_hours, active)
VALUES
    (783, 157, 92, 1, 465.84, 55.90, 0.62, TRUE);
INSERT INTO route_edge
(id, origin_location_id, destination_location_id, transport_type_id, distance_km, base_cost, estimated_hours, active)
VALUES
    (784, 157, 87, 1, 544.12, 65.29, 0.73, TRUE);
INSERT INTO route_edge
(id, origin_location_id, destination_location_id, transport_type_id, distance_km, base_cost, estimated_hours, active)
VALUES
    (785, 157, 34, 1, 642.63, 77.12, 0.86, TRUE);
INSERT INTO route_edge
(id, origin_location_id, destination_location_id, transport_type_id, distance_km, base_cost, estimated_hours, active)
VALUES
    (786, 158, 18, 1, 206.42, 24.77, 0.28, TRUE);
INSERT INTO route_edge
(id, origin_location_id, destination_location_id, transport_type_id, distance_km, base_cost, estimated_hours, active)
VALUES
    (787, 158, 128, 1, 314.95, 37.79, 0.42, TRUE);
INSERT INTO route_edge
(id, origin_location_id, destination_location_id, transport_type_id, distance_km, base_cost, estimated_hours, active)
VALUES
    (788, 158, 54, 1, 332.76, 39.93, 0.44, TRUE);
INSERT INTO route_edge
(id, origin_location_id, destination_location_id, transport_type_id, distance_km, base_cost, estimated_hours, active)
VALUES
    (789, 158, 74, 1, 486.92, 58.43, 0.65, TRUE);
INSERT INTO route_edge
(id, origin_location_id, destination_location_id, transport_type_id, distance_km, base_cost, estimated_hours, active)
VALUES
    (790, 158, 72, 1, 559.32, 67.12, 0.75, TRUE);
INSERT INTO route_edge
(id, origin_location_id, destination_location_id, transport_type_id, distance_km, base_cost, estimated_hours, active)
VALUES
    (791, 159, 187, 1, 642.36, 77.08, 0.86, TRUE);
INSERT INTO route_edge
(id, origin_location_id, destination_location_id, transport_type_id, distance_km, base_cost, estimated_hours, active)
VALUES
    (792, 159, 71, 1, 692.61, 83.11, 0.92, TRUE);
INSERT INTO route_edge
(id, origin_location_id, destination_location_id, transport_type_id, distance_km, base_cost, estimated_hours, active)
VALUES
    (793, 159, 56, 1, 856.74, 102.81, 1.14, TRUE);
INSERT INTO route_edge
(id, origin_location_id, destination_location_id, transport_type_id, distance_km, base_cost, estimated_hours, active)
VALUES
    (794, 159, 67, 1, 1028.68, 123.44, 1.37, TRUE);
INSERT INTO route_edge
(id, origin_location_id, destination_location_id, transport_type_id, distance_km, base_cost, estimated_hours, active)
VALUES
    (795, 159, 61, 1, 1064.07, 127.69, 1.42, TRUE);
INSERT INTO route_edge
(id, origin_location_id, destination_location_id, transport_type_id, distance_km, base_cost, estimated_hours, active)
VALUES
    (796, 160, 31, 1, 539.14, 64.70, 0.72, TRUE);
INSERT INTO route_edge
(id, origin_location_id, destination_location_id, transport_type_id, distance_km, base_cost, estimated_hours, active)
VALUES
    (797, 160, 17, 1, 1024.60, 122.95, 1.37, TRUE);
INSERT INTO route_edge
(id, origin_location_id, destination_location_id, transport_type_id, distance_km, base_cost, estimated_hours, active)
VALUES
    (798, 160, 139, 1, 1403.85, 168.46, 1.87, TRUE);
INSERT INTO route_edge
(id, origin_location_id, destination_location_id, transport_type_id, distance_km, base_cost, estimated_hours, active)
VALUES
    (799, 160, 2, 1, 1571.98, 188.64, 2.10, TRUE);
INSERT INTO route_edge
(id, origin_location_id, destination_location_id, transport_type_id, distance_km, base_cost, estimated_hours, active)
VALUES
    (800, 160, 111, 1, 1719.83, 206.38, 2.29, TRUE);
INSERT INTO route_edge
(id, origin_location_id, destination_location_id, transport_type_id, distance_km, base_cost, estimated_hours, active)
VALUES
    (801, 161, 113, 1, 724.89, 86.99, 0.97, TRUE);
INSERT INTO route_edge
(id, origin_location_id, destination_location_id, transport_type_id, distance_km, base_cost, estimated_hours, active)
VALUES
    (802, 161, 136, 1, 974.52, 116.94, 1.30, TRUE);
INSERT INTO route_edge
(id, origin_location_id, destination_location_id, transport_type_id, distance_km, base_cost, estimated_hours, active)
VALUES
    (803, 161, 184, 1, 1245.81, 149.50, 1.66, TRUE);
INSERT INTO route_edge
(id, origin_location_id, destination_location_id, transport_type_id, distance_km, base_cost, estimated_hours, active)
VALUES
    (804, 161, 215, 1, 1623.44, 194.81, 2.16, TRUE);
INSERT INTO route_edge
(id, origin_location_id, destination_location_id, transport_type_id, distance_km, base_cost, estimated_hours, active)
VALUES
    (805, 161, 70, 1, 1894.41, 227.33, 2.53, TRUE);
INSERT INTO route_edge
(id, origin_location_id, destination_location_id, transport_type_id, distance_km, base_cost, estimated_hours, active)
VALUES
    (806, 162, 10, 1, 534.67, 64.16, 0.71, TRUE);
INSERT INTO route_edge
(id, origin_location_id, destination_location_id, transport_type_id, distance_km, base_cost, estimated_hours, active)
VALUES
    (807, 162, 212, 1, 596.00, 71.52, 0.79, TRUE);
INSERT INTO route_edge
(id, origin_location_id, destination_location_id, transport_type_id, distance_km, base_cost, estimated_hours, active)
VALUES
    (808, 162, 231, 1, 624.64, 74.96, 0.83, TRUE);
INSERT INTO route_edge
(id, origin_location_id, destination_location_id, transport_type_id, distance_km, base_cost, estimated_hours, active)
VALUES
    (809, 162, 230, 1, 932.97, 111.96, 1.24, TRUE);
INSERT INTO route_edge
(id, origin_location_id, destination_location_id, transport_type_id, distance_km, base_cost, estimated_hours, active)
VALUES
    (810, 162, 42, 1, 1082.02, 129.84, 1.44, TRUE);
INSERT INTO route_edge
(id, origin_location_id, destination_location_id, transport_type_id, distance_km, base_cost, estimated_hours, active)
VALUES
    (811, 163, 155, 1, 1657.67, 198.92, 2.21, TRUE);
INSERT INTO route_edge
(id, origin_location_id, destination_location_id, transport_type_id, distance_km, base_cost, estimated_hours, active)
VALUES
    (812, 163, 12, 1, 2156.15, 258.74, 2.87, TRUE);
INSERT INTO route_edge
(id, origin_location_id, destination_location_id, transport_type_id, distance_km, base_cost, estimated_hours, active)
VALUES
    (813, 163, 153, 1, 2457.99, 294.96, 3.28, TRUE);
INSERT INTO route_edge
(id, origin_location_id, destination_location_id, transport_type_id, distance_km, base_cost, estimated_hours, active)
VALUES
    (814, 163, 212, 1, 2723.88, 326.87, 3.63, TRUE);
INSERT INTO route_edge
(id, origin_location_id, destination_location_id, transport_type_id, distance_km, base_cost, estimated_hours, active)
VALUES
    (815, 163, 229, 1, 2894.90, 347.39, 3.86, TRUE);
INSERT INTO route_edge
(id, origin_location_id, destination_location_id, transport_type_id, distance_km, base_cost, estimated_hours, active)
VALUES
    (816, 164, 1, 1, 568.98, 68.28, 0.76, TRUE);
INSERT INTO route_edge
(id, origin_location_id, destination_location_id, transport_type_id, distance_km, base_cost, estimated_hours, active)
VALUES
    (817, 164, 170, 1, 815.45, 97.85, 1.09, TRUE);
INSERT INTO route_edge
(id, origin_location_id, destination_location_id, transport_type_id, distance_km, base_cost, estimated_hours, active)
VALUES
    (818, 164, 103, 1, 865.72, 103.89, 1.15, TRUE);
INSERT INTO route_edge
(id, origin_location_id, destination_location_id, transport_type_id, distance_km, base_cost, estimated_hours, active)
VALUES
    (819, 164, 177, 1, 893.67, 107.24, 1.19, TRUE);
INSERT INTO route_edge
(id, origin_location_id, destination_location_id, transport_type_id, distance_km, base_cost, estimated_hours, active)
VALUES
    (820, 164, 21, 1, 1038.57, 124.63, 1.38, TRUE);
INSERT INTO route_edge
(id, origin_location_id, destination_location_id, transport_type_id, distance_km, base_cost, estimated_hours, active)
VALUES
    (821, 165, 47, 1, 538.98, 64.68, 0.72, TRUE);
INSERT INTO route_edge
(id, origin_location_id, destination_location_id, transport_type_id, distance_km, base_cost, estimated_hours, active)
VALUES
    (822, 165, 46, 1, 543.10, 65.17, 0.72, TRUE);
INSERT INTO route_edge
(id, origin_location_id, destination_location_id, transport_type_id, distance_km, base_cost, estimated_hours, active)
VALUES
    (823, 165, 157, 1, 816.24, 97.95, 1.09, TRUE);
INSERT INTO route_edge
(id, origin_location_id, destination_location_id, transport_type_id, distance_km, base_cost, estimated_hours, active)
VALUES
    (824, 165, 60, 1, 900.28, 108.03, 1.20, TRUE);
INSERT INTO route_edge
(id, origin_location_id, destination_location_id, transport_type_id, distance_km, base_cost, estimated_hours, active)
VALUES
    (825, 165, 107, 1, 1024.76, 122.97, 1.37, TRUE);
INSERT INTO route_edge
(id, origin_location_id, destination_location_id, transport_type_id, distance_km, base_cost, estimated_hours, active)
VALUES
    (826, 166, 60, 1, 1181.53, 141.78, 1.58, TRUE);
INSERT INTO route_edge
(id, origin_location_id, destination_location_id, transport_type_id, distance_km, base_cost, estimated_hours, active)
VALUES
    (827, 166, 27, 1, 1578.76, 189.45, 2.11, TRUE);
INSERT INTO route_edge
(id, origin_location_id, destination_location_id, transport_type_id, distance_km, base_cost, estimated_hours, active)
VALUES
    (828, 166, 46, 1, 1619.80, 194.38, 2.16, TRUE);
INSERT INTO route_edge
(id, origin_location_id, destination_location_id, transport_type_id, distance_km, base_cost, estimated_hours, active)
VALUES
    (829, 166, 165, 1, 2012.07, 241.45, 2.68, TRUE);
INSERT INTO route_edge
(id, origin_location_id, destination_location_id, transport_type_id, distance_km, base_cost, estimated_hours, active)
VALUES
    (830, 166, 47, 1, 2304.53, 276.54, 3.07, TRUE);
INSERT INTO route_edge
(id, origin_location_id, destination_location_id, transport_type_id, distance_km, base_cost, estimated_hours, active)
VALUES
    (831, 167, 42, 1, 1143.83, 137.26, 1.53, TRUE);
INSERT INTO route_edge
(id, origin_location_id, destination_location_id, transport_type_id, distance_km, base_cost, estimated_hours, active)
VALUES
    (832, 167, 162, 1, 2150.14, 258.02, 2.87, TRUE);
INSERT INTO route_edge
(id, origin_location_id, destination_location_id, transport_type_id, distance_km, base_cost, estimated_hours, active)
VALUES
    (833, 167, 10, 1, 2283.25, 273.99, 3.04, TRUE);
INSERT INTO route_edge
(id, origin_location_id, destination_location_id, transport_type_id, distance_km, base_cost, estimated_hours, active)
VALUES
    (834, 167, 231, 1, 2431.90, 291.83, 3.24, TRUE);
INSERT INTO route_edge
(id, origin_location_id, destination_location_id, transport_type_id, distance_km, base_cost, estimated_hours, active)
VALUES
    (835, 167, 212, 1, 2707.06, 324.85, 3.61, TRUE);
INSERT INTO route_edge
(id, origin_location_id, destination_location_id, transport_type_id, distance_km, base_cost, estimated_hours, active)
VALUES
    (836, 168, 184, 1, 1501.48, 180.18, 2.00, TRUE);
INSERT INTO route_edge
(id, origin_location_id, destination_location_id, transport_type_id, distance_km, base_cost, estimated_hours, active)
VALUES
    (837, 168, 70, 1, 1660.06, 199.21, 2.21, TRUE);
INSERT INTO route_edge
(id, origin_location_id, destination_location_id, transport_type_id, distance_km, base_cost, estimated_hours, active)
VALUES
    (838, 168, 175, 1, 2055.92, 246.71, 2.74, TRUE);
INSERT INTO route_edge
(id, origin_location_id, destination_location_id, transport_type_id, distance_km, base_cost, estimated_hours, active)
VALUES
    (839, 168, 88, 1, 2239.94, 268.79, 2.99, TRUE);
INSERT INTO route_edge
(id, origin_location_id, destination_location_id, transport_type_id, distance_km, base_cost, estimated_hours, active)
VALUES
    (840, 168, 142, 1, 2312.14, 277.46, 3.08, TRUE);
INSERT INTO route_edge
(id, origin_location_id, destination_location_id, transport_type_id, distance_km, base_cost, estimated_hours, active)
VALUES
    (841, 169, 175, 1, 981.87, 117.82, 1.31, TRUE);
INSERT INTO route_edge
(id, origin_location_id, destination_location_id, transport_type_id, distance_km, base_cost, estimated_hours, active)
VALUES
    (842, 169, 26, 1, 1209.66, 145.16, 1.61, TRUE);
INSERT INTO route_edge
(id, origin_location_id, destination_location_id, transport_type_id, distance_km, base_cost, estimated_hours, active)
VALUES
    (843, 169, 209, 1, 1742.71, 209.12, 2.32, TRUE);
INSERT INTO route_edge
(id, origin_location_id, destination_location_id, transport_type_id, distance_km, base_cost, estimated_hours, active)
VALUES
    (844, 169, 151, 1, 1807.22, 216.87, 2.41, TRUE);
INSERT INTO route_edge
(id, origin_location_id, destination_location_id, transport_type_id, distance_km, base_cost, estimated_hours, active)
VALUES
    (845, 169, 216, 1, 1809.31, 217.12, 2.41, TRUE);
INSERT INTO route_edge
(id, origin_location_id, destination_location_id, transport_type_id, distance_km, base_cost, estimated_hours, active)
VALUES
    (846, 170, 1, 1, 704.93, 84.59, 0.94, TRUE);
INSERT INTO route_edge
(id, origin_location_id, destination_location_id, transport_type_id, distance_km, base_cost, estimated_hours, active)
VALUES
    (847, 170, 164, 1, 815.45, 97.85, 1.09, TRUE);
INSERT INTO route_edge
(id, origin_location_id, destination_location_id, transport_type_id, distance_km, base_cost, estimated_hours, active)
VALUES
    (848, 170, 103, 1, 862.69, 103.52, 1.15, TRUE);
INSERT INTO route_edge
(id, origin_location_id, destination_location_id, transport_type_id, distance_km, base_cost, estimated_hours, active)
VALUES
    (849, 170, 177, 1, 1099.02, 131.88, 1.47, TRUE);
INSERT INTO route_edge
(id, origin_location_id, destination_location_id, transport_type_id, distance_km, base_cost, estimated_hours, active)
VALUES
    (850, 170, 21, 1, 1192.08, 143.05, 1.59, TRUE);
INSERT INTO route_edge
(id, origin_location_id, destination_location_id, transport_type_id, distance_km, base_cost, estimated_hours, active)
VALUES
    (851, 171, 53, 1, 216.04, 25.93, 0.29, TRUE);
INSERT INTO route_edge
(id, origin_location_id, destination_location_id, transport_type_id, distance_km, base_cost, estimated_hours, active)
VALUES
    (852, 171, 191, 1, 327.06, 39.25, 0.44, TRUE);
INSERT INTO route_edge
(id, origin_location_id, destination_location_id, transport_type_id, distance_km, base_cost, estimated_hours, active)
VALUES
    (853, 171, 11, 1, 462.55, 55.51, 0.62, TRUE);
INSERT INTO route_edge
(id, origin_location_id, destination_location_id, transport_type_id, distance_km, base_cost, estimated_hours, active)
VALUES
    (854, 171, 54, 1, 522.15, 62.66, 0.70, TRUE);
INSERT INTO route_edge
(id, origin_location_id, destination_location_id, transport_type_id, distance_km, base_cost, estimated_hours, active)
VALUES
    (855, 171, 95, 1, 528.33, 63.40, 0.70, TRUE);
INSERT INTO route_edge
(id, origin_location_id, destination_location_id, transport_type_id, distance_km, base_cost, estimated_hours, active)
VALUES
    (856, 172, 221, 1, 1457.98, 174.96, 1.94, TRUE);
INSERT INTO route_edge
(id, origin_location_id, destination_location_id, transport_type_id, distance_km, base_cost, estimated_hours, active)
VALUES
    (857, 172, 25, 1, 1756.65, 210.80, 2.34, TRUE);
INSERT INTO route_edge
(id, origin_location_id, destination_location_id, transport_type_id, distance_km, base_cost, estimated_hours, active)
VALUES
    (858, 172, 35, 1, 1861.58, 223.39, 2.48, TRUE);
INSERT INTO route_edge
(id, origin_location_id, destination_location_id, transport_type_id, distance_km, base_cost, estimated_hours, active)
VALUES
    (859, 172, 81, 1, 1957.38, 234.89, 2.61, TRUE);
INSERT INTO route_edge
(id, origin_location_id, destination_location_id, transport_type_id, distance_km, base_cost, estimated_hours, active)
VALUES
    (860, 172, 30, 1, 3063.26, 367.59, 4.08, TRUE);
INSERT INTO route_edge
(id, origin_location_id, destination_location_id, transport_type_id, distance_km, base_cost, estimated_hours, active)
VALUES
    (861, 173, 227, 1, 108.70, 13.04, 0.14, TRUE);
INSERT INTO route_edge
(id, origin_location_id, destination_location_id, transport_type_id, distance_km, base_cost, estimated_hours, active)
VALUES
    (862, 173, 226, 1, 154.02, 18.48, 0.21, TRUE);
INSERT INTO route_edge
(id, origin_location_id, destination_location_id, transport_type_id, distance_km, base_cost, estimated_hours, active)
VALUES
    (863, 173, 200, 1, 308.70, 37.04, 0.41, TRUE);
INSERT INTO route_edge
(id, origin_location_id, destination_location_id, transport_type_id, distance_km, base_cost, estimated_hours, active)
VALUES
    (864, 173, 4, 1, 312.27, 37.47, 0.42, TRUE);
INSERT INTO route_edge
(id, origin_location_id, destination_location_id, transport_type_id, distance_km, base_cost, estimated_hours, active)
VALUES
    (865, 173, 134, 1, 314.22, 37.71, 0.42, TRUE);
INSERT INTO route_edge
(id, origin_location_id, destination_location_id, transport_type_id, distance_km, base_cost, estimated_hours, active)
VALUES
    (866, 174, 65, 1, 189.34, 22.72, 0.25, TRUE);
INSERT INTO route_edge
(id, origin_location_id, destination_location_id, transport_type_id, distance_km, base_cost, estimated_hours, active)
VALUES
    (867, 174, 80, 1, 252.99, 30.36, 0.34, TRUE);
INSERT INTO route_edge
(id, origin_location_id, destination_location_id, transport_type_id, distance_km, base_cost, estimated_hours, active)
VALUES
    (868, 174, 131, 1, 756.10, 90.73, 1.01, TRUE);
INSERT INTO route_edge
(id, origin_location_id, destination_location_id, transport_type_id, distance_km, base_cost, estimated_hours, active)
VALUES
    (869, 174, 59, 1, 995.28, 119.43, 1.33, TRUE);
INSERT INTO route_edge
(id, origin_location_id, destination_location_id, transport_type_id, distance_km, base_cost, estimated_hours, active)
VALUES
    (870, 174, 63, 1, 1203.75, 144.45, 1.60, TRUE);
INSERT INTO route_edge
(id, origin_location_id, destination_location_id, transport_type_id, distance_km, base_cost, estimated_hours, active)
VALUES
    (871, 175, 169, 1, 981.87, 117.82, 1.31, TRUE);
INSERT INTO route_edge
(id, origin_location_id, destination_location_id, transport_type_id, distance_km, base_cost, estimated_hours, active)
VALUES
    (872, 175, 88, 1, 1310.97, 157.32, 1.75, TRUE);
INSERT INTO route_edge
(id, origin_location_id, destination_location_id, transport_type_id, distance_km, base_cost, estimated_hours, active)
VALUES
    (873, 175, 142, 1, 1391.50, 166.98, 1.86, TRUE);
INSERT INTO route_edge
(id, origin_location_id, destination_location_id, transport_type_id, distance_km, base_cost, estimated_hours, active)
VALUES
    (874, 175, 70, 1, 1907.38, 228.89, 2.54, TRUE);
INSERT INTO route_edge
(id, origin_location_id, destination_location_id, transport_type_id, distance_km, base_cost, estimated_hours, active)
VALUES
    (875, 175, 209, 1, 2032.35, 243.88, 2.71, TRUE);
INSERT INTO route_edge
(id, origin_location_id, destination_location_id, transport_type_id, distance_km, base_cost, estimated_hours, active)
VALUES
    (876, 176, 27, 1, 1029.50, 123.54, 1.37, TRUE);
INSERT INTO route_edge
(id, origin_location_id, destination_location_id, transport_type_id, distance_km, base_cost, estimated_hours, active)
VALUES
    (877, 176, 222, 1, 1076.56, 129.19, 1.44, TRUE);
INSERT INTO route_edge
(id, origin_location_id, destination_location_id, transport_type_id, distance_km, base_cost, estimated_hours, active)
VALUES
    (878, 176, 29, 1, 1850.30, 222.04, 2.47, TRUE);
INSERT INTO route_edge
(id, origin_location_id, destination_location_id, transport_type_id, distance_km, base_cost, estimated_hours, active)
VALUES
    (879, 176, 43, 1, 2302.85, 276.34, 3.07, TRUE);
INSERT INTO route_edge
(id, origin_location_id, destination_location_id, transport_type_id, distance_km, base_cost, estimated_hours, active)
VALUES
    (880, 176, 166, 1, 2603.62, 312.43, 3.47, TRUE);
INSERT INTO route_edge
(id, origin_location_id, destination_location_id, transport_type_id, distance_km, base_cost, estimated_hours, active)
VALUES
    (881, 177, 21, 1, 145.58, 17.47, 0.19, TRUE);
INSERT INTO route_edge
(id, origin_location_id, destination_location_id, transport_type_id, distance_km, base_cost, estimated_hours, active)
VALUES
    (882, 177, 103, 1, 279.59, 33.55, 0.37, TRUE);
INSERT INTO route_edge
(id, origin_location_id, destination_location_id, transport_type_id, distance_km, base_cost, estimated_hours, active)
VALUES
    (883, 177, 1, 1, 423.08, 50.77, 0.56, TRUE);
INSERT INTO route_edge
(id, origin_location_id, destination_location_id, transport_type_id, distance_km, base_cost, estimated_hours, active)
VALUES
    (884, 177, 118, 1, 566.26, 67.95, 0.76, TRUE);
INSERT INTO route_edge
(id, origin_location_id, destination_location_id, transport_type_id, distance_km, base_cost, estimated_hours, active)
VALUES
    (885, 177, 102, 1, 702.06, 84.25, 0.94, TRUE);
INSERT INTO route_edge
(id, origin_location_id, destination_location_id, transport_type_id, distance_km, base_cost, estimated_hours, active)
VALUES
    (886, 178, 147, 1, 230.95, 27.71, 0.31, TRUE);
INSERT INTO route_edge
(id, origin_location_id, destination_location_id, transport_type_id, distance_km, base_cost, estimated_hours, active)
VALUES
    (887, 178, 135, 1, 872.41, 104.69, 1.16, TRUE);
INSERT INTO route_edge
(id, origin_location_id, destination_location_id, transport_type_id, distance_km, base_cost, estimated_hours, active)
VALUES
    (888, 178, 235, 1, 1411.20, 169.34, 1.88, TRUE);
INSERT INTO route_edge
(id, origin_location_id, destination_location_id, transport_type_id, distance_km, base_cost, estimated_hours, active)
VALUES
    (889, 178, 205, 1, 1411.30, 169.36, 1.88, TRUE);
INSERT INTO route_edge
(id, origin_location_id, destination_location_id, transport_type_id, distance_km, base_cost, estimated_hours, active)
VALUES
    (890, 178, 114, 1, 1669.45, 200.33, 2.23, TRUE);
INSERT INTO route_edge
(id, origin_location_id, destination_location_id, transport_type_id, distance_km, base_cost, estimated_hours, active)
VALUES
    (891, 179, 20, 1, 295.13, 35.42, 0.39, TRUE);
INSERT INTO route_edge
(id, origin_location_id, destination_location_id, transport_type_id, distance_km, base_cost, estimated_hours, active)
VALUES
    (892, 179, 132, 1, 347.69, 41.72, 0.46, TRUE);
INSERT INTO route_edge
(id, origin_location_id, destination_location_id, transport_type_id, distance_km, base_cost, estimated_hours, active)
VALUES
    (893, 179, 180, 1, 459.48, 55.14, 0.61, TRUE);
INSERT INTO route_edge
(id, origin_location_id, destination_location_id, transport_type_id, distance_km, base_cost, estimated_hours, active)
VALUES
    (894, 179, 232, 1, 461.29, 55.36, 0.62, TRUE);
INSERT INTO route_edge
(id, origin_location_id, destination_location_id, transport_type_id, distance_km, base_cost, estimated_hours, active)
VALUES
    (895, 179, 95, 1, 479.84, 57.58, 0.64, TRUE);
INSERT INTO route_edge
(id, origin_location_id, destination_location_id, transport_type_id, distance_km, base_cost, estimated_hours, active)
VALUES
    (896, 180, 232, 1, 256.44, 30.77, 0.34, TRUE);
INSERT INTO route_edge
(id, origin_location_id, destination_location_id, transport_type_id, distance_km, base_cost, estimated_hours, active)
VALUES
    (897, 180, 15, 1, 260.58, 31.27, 0.35, TRUE);
INSERT INTO route_edge
(id, origin_location_id, destination_location_id, transport_type_id, distance_km, base_cost, estimated_hours, active)
VALUES
    (898, 180, 133, 1, 286.37, 34.36, 0.38, TRUE);
INSERT INTO route_edge
(id, origin_location_id, destination_location_id, transport_type_id, distance_km, base_cost, estimated_hours, active)
VALUES
    (899, 180, 95, 1, 313.60, 37.63, 0.42, TRUE);
INSERT INTO route_edge
(id, origin_location_id, destination_location_id, transport_type_id, distance_km, base_cost, estimated_hours, active)
VALUES
    (900, 180, 20, 1, 343.47, 41.22, 0.46, TRUE);
INSERT INTO route_edge
(id, origin_location_id, destination_location_id, transport_type_id, distance_km, base_cost, estimated_hours, active)
VALUES
    (901, 181, 120, 1, 719.44, 86.33, 0.96, TRUE);
INSERT INTO route_edge
(id, origin_location_id, destination_location_id, transport_type_id, distance_km, base_cost, estimated_hours, active)
VALUES
    (902, 181, 76, 1, 1381.90, 165.83, 1.84, TRUE);
INSERT INTO route_edge
(id, origin_location_id, destination_location_id, transport_type_id, distance_km, base_cost, estimated_hours, active)
VALUES
    (903, 181, 14, 1, 1448.48, 173.82, 1.93, TRUE);
INSERT INTO route_edge
(id, origin_location_id, destination_location_id, transport_type_id, distance_km, base_cost, estimated_hours, active)
VALUES
    (904, 181, 33, 1, 1451.25, 174.15, 1.93, TRUE);
INSERT INTO route_edge
(id, origin_location_id, destination_location_id, transport_type_id, distance_km, base_cost, estimated_hours, active)
VALUES
    (905, 181, 218, 1, 1498.23, 179.79, 2.00, TRUE);
INSERT INTO route_edge
(id, origin_location_id, destination_location_id, transport_type_id, distance_km, base_cost, estimated_hours, active)
VALUES
    (906, 182, 37, 1, 105.66, 12.68, 0.14, TRUE);
INSERT INTO route_edge
(id, origin_location_id, destination_location_id, transport_type_id, distance_km, base_cost, estimated_hours, active)
VALUES
    (907, 182, 22, 1, 176.15, 21.14, 0.23, TRUE);
INSERT INTO route_edge
(id, origin_location_id, destination_location_id, transport_type_id, distance_km, base_cost, estimated_hours, active)
VALUES
    (908, 182, 219, 1, 340.02, 40.80, 0.45, TRUE);
INSERT INTO route_edge
(id, origin_location_id, destination_location_id, transport_type_id, distance_km, base_cost, estimated_hours, active)
VALUES
    (909, 182, 110, 1, 625.34, 75.04, 0.83, TRUE);
INSERT INTO route_edge
(id, origin_location_id, destination_location_id, transport_type_id, distance_km, base_cost, estimated_hours, active)
VALUES
    (910, 182, 197, 1, 777.78, 93.33, 1.04, TRUE);
INSERT INTO route_edge
(id, origin_location_id, destination_location_id, transport_type_id, distance_km, base_cost, estimated_hours, active)
VALUES
    (911, 183, 64, 1, 451.50, 54.18, 0.60, TRUE);
INSERT INTO route_edge
(id, origin_location_id, destination_location_id, transport_type_id, distance_km, base_cost, estimated_hours, active)
VALUES
    (912, 183, 234, 1, 653.13, 78.38, 0.87, TRUE);
INSERT INTO route_edge
(id, origin_location_id, destination_location_id, transport_type_id, distance_km, base_cost, estimated_hours, active)
VALUES
    (913, 183, 55, 1, 746.20, 89.54, 0.99, TRUE);
INSERT INTO route_edge
(id, origin_location_id, destination_location_id, transport_type_id, distance_km, base_cost, estimated_hours, active)
VALUES
    (914, 183, 62, 1, 981.76, 117.81, 1.31, TRUE);
INSERT INTO route_edge
(id, origin_location_id, destination_location_id, transport_type_id, distance_km, base_cost, estimated_hours, active)
VALUES
    (915, 183, 195, 1, 982.44, 117.89, 1.31, TRUE);
INSERT INTO route_edge
(id, origin_location_id, destination_location_id, transport_type_id, distance_km, base_cost, estimated_hours, active)
VALUES
    (916, 184, 161, 1, 1245.81, 149.50, 1.66, TRUE);
INSERT INTO route_edge
(id, origin_location_id, destination_location_id, transport_type_id, distance_km, base_cost, estimated_hours, active)
VALUES
    (917, 184, 229, 1, 1281.54, 153.78, 1.71, TRUE);
INSERT INTO route_edge
(id, origin_location_id, destination_location_id, transport_type_id, distance_km, base_cost, estimated_hours, active)
VALUES
    (918, 184, 168, 1, 1501.48, 180.18, 2.00, TRUE);
INSERT INTO route_edge
(id, origin_location_id, destination_location_id, transport_type_id, distance_km, base_cost, estimated_hours, active)
VALUES
    (919, 184, 153, 1, 1546.30, 185.56, 2.06, TRUE);
INSERT INTO route_edge
(id, origin_location_id, destination_location_id, transport_type_id, distance_km, base_cost, estimated_hours, active)
VALUES
    (920, 184, 113, 1, 1883.39, 226.01, 2.51, TRUE);
INSERT INTO route_edge
(id, origin_location_id, destination_location_id, transport_type_id, distance_km, base_cost, estimated_hours, active)
VALUES
    (921, 185, 235, 1, 1443.06, 173.17, 1.92, TRUE);
INSERT INTO route_edge
(id, origin_location_id, destination_location_id, transport_type_id, distance_km, base_cost, estimated_hours, active)
VALUES
    (922, 185, 114, 1, 1548.49, 185.82, 2.06, TRUE);
INSERT INTO route_edge
(id, origin_location_id, destination_location_id, transport_type_id, distance_km, base_cost, estimated_hours, active)
VALUES
    (923, 185, 147, 1, 1767.50, 212.10, 2.36, TRUE);
INSERT INTO route_edge
(id, origin_location_id, destination_location_id, transport_type_id, distance_km, base_cost, estimated_hours, active)
VALUES
    (924, 185, 135, 1, 1796.76, 215.61, 2.40, TRUE);
INSERT INTO route_edge
(id, origin_location_id, destination_location_id, transport_type_id, distance_km, base_cost, estimated_hours, active)
VALUES
    (925, 185, 178, 1, 1803.11, 216.37, 2.40, TRUE);
INSERT INTO route_edge
(id, origin_location_id, destination_location_id, transport_type_id, distance_km, base_cost, estimated_hours, active)
VALUES
    (926, 186, 64, 1, 730.00, 87.60, 0.97, TRUE);
INSERT INTO route_edge
(id, origin_location_id, destination_location_id, transport_type_id, distance_km, base_cost, estimated_hours, active)
VALUES
    (927, 186, 62, 1, 981.24, 117.75, 1.31, TRUE);
INSERT INTO route_edge
(id, origin_location_id, destination_location_id, transport_type_id, distance_km, base_cost, estimated_hours, active)
VALUES
    (928, 186, 66, 1, 1000.21, 120.03, 1.33, TRUE);
INSERT INTO route_edge
(id, origin_location_id, destination_location_id, transport_type_id, distance_km, base_cost, estimated_hours, active)
VALUES
    (929, 186, 183, 1, 1114.30, 133.72, 1.49, TRUE);
INSERT INTO route_edge
(id, origin_location_id, destination_location_id, transport_type_id, distance_km, base_cost, estimated_hours, active)
VALUES
    (930, 186, 197, 1, 1196.26, 143.55, 1.60, TRUE);
INSERT INTO route_edge
(id, origin_location_id, destination_location_id, transport_type_id, distance_km, base_cost, estimated_hours, active)
VALUES
    (931, 187, 56, 1, 228.54, 27.43, 0.30, TRUE);
INSERT INTO route_edge
(id, origin_location_id, destination_location_id, transport_type_id, distance_km, base_cost, estimated_hours, active)
VALUES
    (932, 187, 159, 1, 642.36, 77.08, 0.86, TRUE);
INSERT INTO route_edge
(id, origin_location_id, destination_location_id, transport_type_id, distance_km, base_cost, estimated_hours, active)
VALUES
    (933, 187, 129, 1, 706.38, 84.77, 0.94, TRUE);
INSERT INTO route_edge
(id, origin_location_id, destination_location_id, transport_type_id, distance_km, base_cost, estimated_hours, active)
VALUES
    (934, 187, 54, 1, 718.74, 86.25, 0.96, TRUE);
INSERT INTO route_edge
(id, origin_location_id, destination_location_id, transport_type_id, distance_km, base_cost, estimated_hours, active)
VALUES
    (935, 187, 61, 1, 752.80, 90.34, 1.00, TRUE);
INSERT INTO route_edge
(id, origin_location_id, destination_location_id, transport_type_id, distance_km, base_cost, estimated_hours, active)
VALUES
    (936, 188, 96, 1, 476.35, 57.16, 0.64, TRUE);
INSERT INTO route_edge
(id, origin_location_id, destination_location_id, transport_type_id, distance_km, base_cost, estimated_hours, active)
VALUES
    (937, 188, 151, 1, 707.02, 84.84, 0.94, TRUE);
INSERT INTO route_edge
(id, origin_location_id, destination_location_id, transport_type_id, distance_km, base_cost, estimated_hours, active)
VALUES
    (938, 188, 112, 1, 1066.84, 128.02, 1.42, TRUE);
INSERT INTO route_edge
(id, origin_location_id, destination_location_id, transport_type_id, distance_km, base_cost, estimated_hours, active)
VALUES
    (939, 188, 228, 1, 1100.45, 132.05, 1.47, TRUE);
INSERT INTO route_edge
(id, origin_location_id, destination_location_id, transport_type_id, distance_km, base_cost, estimated_hours, active)
VALUES
    (940, 188, 26, 1, 1277.86, 153.34, 1.70, TRUE);
INSERT INTO route_edge
(id, origin_location_id, destination_location_id, transport_type_id, distance_km, base_cost, estimated_hours, active)
VALUES
    (941, 189, 125, 1, 1641.44, 196.97, 2.19, TRUE);
INSERT INTO route_edge
(id, origin_location_id, destination_location_id, transport_type_id, distance_km, base_cost, estimated_hours, active)
VALUES
    (942, 189, 192, 1, 1849.11, 221.89, 2.47, TRUE);
INSERT INTO route_edge
(id, origin_location_id, destination_location_id, transport_type_id, distance_km, base_cost, estimated_hours, active)
VALUES
    (943, 189, 41, 1, 1874.13, 224.90, 2.50, TRUE);
INSERT INTO route_edge
(id, origin_location_id, destination_location_id, transport_type_id, distance_km, base_cost, estimated_hours, active)
VALUES
    (944, 189, 83, 1, 1953.06, 234.37, 2.60, TRUE);
INSERT INTO route_edge
(id, origin_location_id, destination_location_id, transport_type_id, distance_km, base_cost, estimated_hours, active)
VALUES
    (945, 189, 79, 1, 2183.59, 262.03, 2.91, TRUE);
INSERT INTO route_edge
(id, origin_location_id, destination_location_id, transport_type_id, distance_km, base_cost, estimated_hours, active)
VALUES
    (946, 190, 93, 1, 153.67, 18.44, 0.20, TRUE);
INSERT INTO route_edge
(id, origin_location_id, destination_location_id, transport_type_id, distance_km, base_cost, estimated_hours, active)
VALUES
    (947, 190, 11, 1, 206.40, 24.77, 0.28, TRUE);
INSERT INTO route_edge
(id, origin_location_id, destination_location_id, transport_type_id, distance_km, base_cost, estimated_hours, active)
VALUES
    (948, 190, 193, 1, 295.49, 35.46, 0.39, TRUE);
INSERT INTO route_edge
(id, origin_location_id, destination_location_id, transport_type_id, distance_km, base_cost, estimated_hours, active)
VALUES
    (949, 190, 191, 1, 300.26, 36.03, 0.40, TRUE);
INSERT INTO route_edge
(id, origin_location_id, destination_location_id, transport_type_id, distance_km, base_cost, estimated_hours, active)
VALUES
    (950, 190, 105, 1, 380.25, 45.63, 0.51, TRUE);
INSERT INTO route_edge
(id, origin_location_id, destination_location_id, transport_type_id, distance_km, base_cost, estimated_hours, active)
VALUES
    (951, 191, 190, 1, 300.26, 36.03, 0.40, TRUE);
INSERT INTO route_edge
(id, origin_location_id, destination_location_id, transport_type_id, distance_km, base_cost, estimated_hours, active)
VALUES
    (952, 191, 53, 1, 303.66, 36.44, 0.40, TRUE);
INSERT INTO route_edge
(id, origin_location_id, destination_location_id, transport_type_id, distance_km, base_cost, estimated_hours, active)
VALUES
    (953, 191, 11, 1, 315.98, 37.92, 0.42, TRUE);
INSERT INTO route_edge
(id, origin_location_id, destination_location_id, transport_type_id, distance_km, base_cost, estimated_hours, active)
VALUES
    (954, 191, 171, 1, 327.06, 39.25, 0.44, TRUE);
INSERT INTO route_edge
(id, origin_location_id, destination_location_id, transport_type_id, distance_km, base_cost, estimated_hours, active)
VALUES
    (955, 191, 95, 1, 337.27, 40.47, 0.45, TRUE);
INSERT INTO route_edge
(id, origin_location_id, destination_location_id, transport_type_id, distance_km, base_cost, estimated_hours, active)
VALUES
    (956, 192, 83, 1, 116.18, 13.94, 0.15, TRUE);
INSERT INTO route_edge
(id, origin_location_id, destination_location_id, transport_type_id, distance_km, base_cost, estimated_hours, active)
VALUES
    (957, 192, 125, 1, 409.60, 49.15, 0.55, TRUE);
INSERT INTO route_edge
(id, origin_location_id, destination_location_id, transport_type_id, distance_km, base_cost, estimated_hours, active)
VALUES
    (958, 192, 89, 1, 452.95, 54.35, 0.60, TRUE);
INSERT INTO route_edge
(id, origin_location_id, destination_location_id, transport_type_id, distance_km, base_cost, estimated_hours, active)
VALUES
    (959, 192, 82, 1, 646.47, 77.58, 0.86, TRUE);
INSERT INTO route_edge
(id, origin_location_id, destination_location_id, transport_type_id, distance_km, base_cost, estimated_hours, active)
VALUES
    (960, 192, 138, 1, 719.94, 86.39, 0.96, TRUE);
INSERT INTO route_edge
(id, origin_location_id, destination_location_id, transport_type_id, distance_km, base_cost, estimated_hours, active)
VALUES
    (961, 193, 105, 1, 94.85, 11.38, 0.13, TRUE);
INSERT INTO route_edge
(id, origin_location_id, destination_location_id, transport_type_id, distance_km, base_cost, estimated_hours, active)
VALUES
    (962, 193, 93, 1, 153.57, 18.43, 0.20, TRUE);
INSERT INTO route_edge
(id, origin_location_id, destination_location_id, transport_type_id, distance_km, base_cost, estimated_hours, active)
VALUES
    (963, 193, 190, 1, 295.49, 35.46, 0.39, TRUE);
INSERT INTO route_edge
(id, origin_location_id, destination_location_id, transport_type_id, distance_km, base_cost, estimated_hours, active)
VALUES
    (964, 193, 11, 1, 429.18, 51.50, 0.57, TRUE);
INSERT INTO route_edge
(id, origin_location_id, destination_location_id, transport_type_id, distance_km, base_cost, estimated_hours, active)
VALUES
    (965, 193, 15, 1, 435.72, 52.29, 0.58, TRUE);
INSERT INTO route_edge
(id, origin_location_id, destination_location_id, transport_type_id, distance_km, base_cost, estimated_hours, active)
VALUES
    (966, 194, 82, 1, 155.00, 18.60, 0.21, TRUE);
INSERT INTO route_edge
(id, origin_location_id, destination_location_id, transport_type_id, distance_km, base_cost, estimated_hours, active)
VALUES
    (967, 194, 89, 1, 344.83, 41.38, 0.46, TRUE);
INSERT INTO route_edge
(id, origin_location_id, destination_location_id, transport_type_id, distance_km, base_cost, estimated_hours, active)
VALUES
    (968, 194, 144, 1, 421.39, 50.57, 0.56, TRUE);
INSERT INTO route_edge
(id, origin_location_id, destination_location_id, transport_type_id, distance_km, base_cost, estimated_hours, active)
VALUES
    (969, 194, 49, 1, 669.80, 80.38, 0.89, TRUE);
INSERT INTO route_edge
(id, origin_location_id, destination_location_id, transport_type_id, distance_km, base_cost, estimated_hours, active)
VALUES
    (970, 194, 83, 1, 679.92, 81.59, 0.91, TRUE);
INSERT INTO route_edge
(id, origin_location_id, destination_location_id, transport_type_id, distance_km, base_cost, estimated_hours, active)
VALUES
    (971, 195, 55, 1, 247.62, 29.71, 0.33, TRUE);
INSERT INTO route_edge
(id, origin_location_id, destination_location_id, transport_type_id, distance_km, base_cost, estimated_hours, active)
VALUES
    (972, 195, 234, 1, 382.85, 45.94, 0.51, TRUE);
INSERT INTO route_edge
(id, origin_location_id, destination_location_id, transport_type_id, distance_km, base_cost, estimated_hours, active)
VALUES
    (973, 195, 66, 1, 582.99, 69.96, 0.78, TRUE);
INSERT INTO route_edge
(id, origin_location_id, destination_location_id, transport_type_id, distance_km, base_cost, estimated_hours, active)
VALUES
    (974, 195, 64, 1, 854.33, 102.52, 1.14, TRUE);
INSERT INTO route_edge
(id, origin_location_id, destination_location_id, transport_type_id, distance_km, base_cost, estimated_hours, active)
VALUES
    (975, 195, 183, 1, 982.44, 117.89, 1.31, TRUE);
INSERT INTO route_edge
(id, origin_location_id, destination_location_id, transport_type_id, distance_km, base_cost, estimated_hours, active)
VALUES
    (976, 196, 77, 1, 320.84, 38.50, 0.43, TRUE);
INSERT INTO route_edge
(id, origin_location_id, destination_location_id, transport_type_id, distance_km, base_cost, estimated_hours, active)
VALUES
    (977, 196, 90, 1, 358.48, 43.02, 0.48, TRUE);
INSERT INTO route_edge
(id, origin_location_id, destination_location_id, transport_type_id, distance_km, base_cost, estimated_hours, active)
VALUES
    (978, 196, 214, 1, 886.85, 106.42, 1.18, TRUE);
INSERT INTO route_edge
(id, origin_location_id, destination_location_id, transport_type_id, distance_km, base_cost, estimated_hours, active)
VALUES
    (979, 196, 16, 1, 970.02, 116.40, 1.29, TRUE);
INSERT INTO route_edge
(id, origin_location_id, destination_location_id, transport_type_id, distance_km, base_cost, estimated_hours, active)
VALUES
    (980, 196, 75, 1, 1027.53, 123.30, 1.37, TRUE);
INSERT INTO route_edge
(id, origin_location_id, destination_location_id, transport_type_id, distance_km, base_cost, estimated_hours, active)
VALUES
    (981, 197, 219, 1, 545.12, 65.41, 0.73, TRUE);
INSERT INTO route_edge
(id, origin_location_id, destination_location_id, transport_type_id, distance_km, base_cost, estimated_hours, active)
VALUES
    (982, 197, 110, 1, 640.29, 76.84, 0.85, TRUE);
INSERT INTO route_edge
(id, origin_location_id, destination_location_id, transport_type_id, distance_km, base_cost, estimated_hours, active)
VALUES
    (983, 197, 37, 1, 773.02, 92.76, 1.03, TRUE);
INSERT INTO route_edge
(id, origin_location_id, destination_location_id, transport_type_id, distance_km, base_cost, estimated_hours, active)
VALUES
    (984, 197, 182, 1, 777.78, 93.33, 1.04, TRUE);
INSERT INTO route_edge
(id, origin_location_id, destination_location_id, transport_type_id, distance_km, base_cost, estimated_hours, active)
VALUES
    (985, 197, 66, 1, 916.23, 109.95, 1.22, TRUE);
INSERT INTO route_edge
(id, origin_location_id, destination_location_id, transport_type_id, distance_km, base_cost, estimated_hours, active)
VALUES
    (986, 198, 73, 1, 300.35, 36.04, 0.40, TRUE);
INSERT INTO route_edge
(id, origin_location_id, destination_location_id, transport_type_id, distance_km, base_cost, estimated_hours, active)
VALUES
    (987, 198, 85, 1, 383.55, 46.03, 0.51, TRUE);
INSERT INTO route_edge
(id, origin_location_id, destination_location_id, transport_type_id, distance_km, base_cost, estimated_hours, active)
VALUES
    (988, 198, 44, 1, 523.79, 62.85, 0.70, TRUE);
INSERT INTO route_edge
(id, origin_location_id, destination_location_id, transport_type_id, distance_km, base_cost, estimated_hours, active)
VALUES
    (989, 198, 156, 1, 647.84, 77.74, 0.86, TRUE);
INSERT INTO route_edge
(id, origin_location_id, destination_location_id, transport_type_id, distance_km, base_cost, estimated_hours, active)
VALUES
    (990, 198, 206, 1, 883.69, 106.04, 1.18, TRUE);
INSERT INTO route_edge
(id, origin_location_id, destination_location_id, transport_type_id, distance_km, base_cost, estimated_hours, active)
VALUES
    (991, 199, 87, 1, 203.06, 24.37, 0.27, TRUE);
INSERT INTO route_edge
(id, origin_location_id, destination_location_id, transport_type_id, distance_km, base_cost, estimated_hours, active)
VALUES
    (992, 199, 157, 1, 345.00, 41.40, 0.46, TRUE);
INSERT INTO route_edge
(id, origin_location_id, destination_location_id, transport_type_id, distance_km, base_cost, estimated_hours, active)
VALUES
    (993, 199, 92, 1, 419.61, 50.35, 0.56, TRUE);
INSERT INTO route_edge
(id, origin_location_id, destination_location_id, transport_type_id, distance_km, base_cost, estimated_hours, active)
VALUES
    (994, 199, 34, 1, 462.47, 55.50, 0.62, TRUE);
INSERT INTO route_edge
(id, origin_location_id, destination_location_id, transport_type_id, distance_km, base_cost, estimated_hours, active)
VALUES
    (995, 199, 47, 1, 652.39, 78.29, 0.87, TRUE);
INSERT INTO route_edge
(id, origin_location_id, destination_location_id, transport_type_id, distance_km, base_cost, estimated_hours, active)
VALUES
    (996, 200, 134, 1, 9.24, 1.11, 0.01, TRUE);
INSERT INTO route_edge
(id, origin_location_id, destination_location_id, transport_type_id, distance_km, base_cost, estimated_hours, active)
VALUES
    (997, 200, 4, 1, 19.12, 2.29, 0.03, TRUE);
INSERT INTO route_edge
(id, origin_location_id, destination_location_id, transport_type_id, distance_km, base_cost, estimated_hours, active)
VALUES
    (998, 200, 24, 1, 31.93, 3.83, 0.04, TRUE);
INSERT INTO route_edge
(id, origin_location_id, destination_location_id, transport_type_id, distance_km, base_cost, estimated_hours, active)
VALUES
    (999, 200, 115, 1, 91.09, 10.93, 0.12, TRUE);
INSERT INTO route_edge
(id, origin_location_id, destination_location_id, transport_type_id, distance_km, base_cost, estimated_hours, active)
VALUES
    (1000, 200, 226, 1, 157.86, 18.94, 0.21, TRUE);
INSERT INTO route_edge
(id, origin_location_id, destination_location_id, transport_type_id, distance_km, base_cost, estimated_hours, active)
VALUES
    (1001, 201, 122, 1, 306.66, 36.80, 0.41, TRUE);
INSERT INTO route_edge
(id, origin_location_id, destination_location_id, transport_type_id, distance_km, base_cost, estimated_hours, active)
VALUES
    (1002, 201, 52, 1, 356.82, 42.82, 0.48, TRUE);
INSERT INTO route_edge
(id, origin_location_id, destination_location_id, transport_type_id, distance_km, base_cost, estimated_hours, active)
VALUES
    (1003, 201, 108, 1, 481.59, 57.79, 0.64, TRUE);
INSERT INTO route_edge
(id, origin_location_id, destination_location_id, transport_type_id, distance_km, base_cost, estimated_hours, active)
VALUES
    (1004, 201, 213, 1, 573.88, 68.87, 0.77, TRUE);
INSERT INTO route_edge
(id, origin_location_id, destination_location_id, transport_type_id, distance_km, base_cost, estimated_hours, active)
VALUES
    (1005, 201, 98, 1, 746.72, 89.61, 1.00, TRUE);
INSERT INTO route_edge
(id, origin_location_id, destination_location_id, transport_type_id, distance_km, base_cost, estimated_hours, active)
VALUES
    (1006, 202, 236, 1, 360.28, 43.23, 0.48, TRUE);
INSERT INTO route_edge
(id, origin_location_id, destination_location_id, transport_type_id, distance_km, base_cost, estimated_hours, active)
VALUES
    (1007, 202, 126, 1, 534.65, 64.16, 0.71, TRUE);
INSERT INTO route_edge
(id, origin_location_id, destination_location_id, transport_type_id, distance_km, base_cost, estimated_hours, active)
VALUES
    (1008, 202, 32, 1, 615.67, 73.88, 0.82, TRUE);
INSERT INTO route_edge
(id, origin_location_id, destination_location_id, transport_type_id, distance_km, base_cost, estimated_hours, active)
VALUES
    (1009, 202, 238, 1, 772.79, 92.74, 1.03, TRUE);
INSERT INTO route_edge
(id, origin_location_id, destination_location_id, transport_type_id, distance_km, base_cost, estimated_hours, active)
VALUES
    (1010, 202, 152, 1, 799.24, 95.91, 1.07, TRUE);
INSERT INTO route_edge
(id, origin_location_id, destination_location_id, transport_type_id, distance_km, base_cost, estimated_hours, active)
VALUES
    (1011, 203, 94, 1, 227.85, 27.34, 0.30, TRUE);
INSERT INTO route_edge
(id, origin_location_id, destination_location_id, transport_type_id, distance_km, base_cost, estimated_hours, active)
VALUES
    (1012, 203, 58, 1, 460.33, 55.24, 0.61, TRUE);
INSERT INTO route_edge
(id, origin_location_id, destination_location_id, transport_type_id, distance_km, base_cost, estimated_hours, active)
VALUES
    (1013, 203, 107, 1, 636.70, 76.40, 0.85, TRUE);
INSERT INTO route_edge
(id, origin_location_id, destination_location_id, transport_type_id, distance_km, base_cost, estimated_hours, active)
VALUES
    (1014, 203, 30, 1, 642.67, 77.12, 0.86, TRUE);
INSERT INTO route_edge
(id, origin_location_id, destination_location_id, transport_type_id, distance_km, base_cost, estimated_hours, active)
VALUES
    (1015, 203, 173, 1, 751.93, 90.23, 1.00, TRUE);
INSERT INTO route_edge
(id, origin_location_id, destination_location_id, transport_type_id, distance_km, base_cost, estimated_hours, active)
VALUES
    (1016, 204, 38, 1, 941.60, 112.99, 1.26, TRUE);
INSERT INTO route_edge
(id, origin_location_id, destination_location_id, transport_type_id, distance_km, base_cost, estimated_hours, active)
VALUES
    (1017, 204, 44, 1, 1076.33, 129.16, 1.44, TRUE);
INSERT INTO route_edge
(id, origin_location_id, destination_location_id, transport_type_id, distance_km, base_cost, estimated_hours, active)
VALUES
    (1018, 204, 156, 1, 1130.41, 135.65, 1.51, TRUE);
INSERT INTO route_edge
(id, origin_location_id, destination_location_id, transport_type_id, distance_km, base_cost, estimated_hours, active)
VALUES
    (1019, 204, 85, 1, 1274.96, 153.00, 1.70, TRUE);
INSERT INTO route_edge
(id, origin_location_id, destination_location_id, transport_type_id, distance_km, base_cost, estimated_hours, active)
VALUES
    (1020, 204, 154, 1, 1401.20, 168.14, 1.87, TRUE);
INSERT INTO route_edge
(id, origin_location_id, destination_location_id, transport_type_id, distance_km, base_cost, estimated_hours, active)
VALUES
    (1021, 205, 135, 1, 539.51, 64.74, 0.72, TRUE);
INSERT INTO route_edge
(id, origin_location_id, destination_location_id, transport_type_id, distance_km, base_cost, estimated_hours, active)
VALUES
    (1022, 205, 235, 1, 546.37, 65.56, 0.73, TRUE);
INSERT INTO route_edge
(id, origin_location_id, destination_location_id, transport_type_id, distance_km, base_cost, estimated_hours, active)
VALUES
    (1023, 205, 114, 1, 616.70, 74.00, 0.82, TRUE);
INSERT INTO route_edge
(id, origin_location_id, destination_location_id, transport_type_id, distance_km, base_cost, estimated_hours, active)
VALUES
    (1024, 205, 149, 1, 840.51, 100.86, 1.12, TRUE);
INSERT INTO route_edge
(id, origin_location_id, destination_location_id, transport_type_id, distance_km, base_cost, estimated_hours, active)
VALUES
    (1025, 205, 152, 1, 878.55, 105.43, 1.17, TRUE);
INSERT INTO route_edge
(id, origin_location_id, destination_location_id, transport_type_id, distance_km, base_cost, estimated_hours, active)
VALUES
    (1026, 206, 79, 1, 169.11, 20.29, 0.23, TRUE);
INSERT INTO route_edge
(id, origin_location_id, destination_location_id, transport_type_id, distance_km, base_cost, estimated_hours, active)
VALUES
    (1027, 206, 23, 1, 384.30, 46.12, 0.51, TRUE);
INSERT INTO route_edge
(id, origin_location_id, destination_location_id, transport_type_id, distance_km, base_cost, estimated_hours, active)
VALUES
    (1028, 206, 41, 1, 581.96, 69.84, 0.78, TRUE);
INSERT INTO route_edge
(id, origin_location_id, destination_location_id, transport_type_id, distance_km, base_cost, estimated_hours, active)
VALUES
    (1029, 206, 156, 1, 598.16, 71.78, 0.80, TRUE);
INSERT INTO route_edge
(id, origin_location_id, destination_location_id, transport_type_id, distance_km, base_cost, estimated_hours, active)
VALUES
    (1030, 206, 154, 1, 819.82, 98.38, 1.09, TRUE);
INSERT INTO route_edge
(id, origin_location_id, destination_location_id, transport_type_id, distance_km, base_cost, estimated_hours, active)
VALUES
    (1031, 207, 112, 1, 408.92, 49.07, 0.55, TRUE);
INSERT INTO route_edge
(id, origin_location_id, destination_location_id, transport_type_id, distance_km, base_cost, estimated_hours, active)
VALUES
    (1032, 207, 121, 1, 708.29, 84.99, 0.94, TRUE);
INSERT INTO route_edge
(id, origin_location_id, destination_location_id, transport_type_id, distance_km, base_cost, estimated_hours, active)
VALUES
    (1033, 207, 228, 1, 756.45, 90.77, 1.01, TRUE);
INSERT INTO route_edge
(id, origin_location_id, destination_location_id, transport_type_id, distance_km, base_cost, estimated_hours, active)
VALUES
    (1034, 207, 139, 1, 1024.79, 122.97, 1.37, TRUE);
INSERT INTO route_edge
(id, origin_location_id, destination_location_id, transport_type_id, distance_km, base_cost, estimated_hours, active)
VALUES
    (1035, 207, 233, 1, 1148.27, 137.79, 1.53, TRUE);
INSERT INTO route_edge
(id, origin_location_id, destination_location_id, transport_type_id, distance_km, base_cost, estimated_hours, active)
VALUES
    (1036, 208, 2, 1, 368.31, 44.20, 0.49, TRUE);
INSERT INTO route_edge
(id, origin_location_id, destination_location_id, transport_type_id, distance_km, base_cost, estimated_hours, active)
VALUES
    (1037, 208, 223, 1, 416.77, 50.01, 0.56, TRUE);
INSERT INTO route_edge
(id, origin_location_id, destination_location_id, transport_type_id, distance_km, base_cost, estimated_hours, active)
VALUES
    (1038, 208, 111, 1, 455.43, 54.65, 0.61, TRUE);
INSERT INTO route_edge
(id, origin_location_id, destination_location_id, transport_type_id, distance_km, base_cost, estimated_hours, active)
VALUES
    (1039, 208, 210, 1, 1285.17, 154.22, 1.71, TRUE);
INSERT INTO route_edge
(id, origin_location_id, destination_location_id, transport_type_id, distance_km, base_cost, estimated_hours, active)
VALUES
    (1040, 208, 170, 1, 1521.14, 182.54, 2.03, TRUE);
INSERT INTO route_edge
(id, origin_location_id, destination_location_id, transport_type_id, distance_km, base_cost, estimated_hours, active)
VALUES
    (1041, 209, 169, 1, 1742.71, 209.12, 2.32, TRUE);
INSERT INTO route_edge
(id, origin_location_id, destination_location_id, transport_type_id, distance_km, base_cost, estimated_hours, active)
VALUES
    (1042, 209, 26, 1, 1905.48, 228.66, 2.54, TRUE);
INSERT INTO route_edge
(id, origin_location_id, destination_location_id, transport_type_id, distance_km, base_cost, estimated_hours, active)
VALUES
    (1043, 209, 151, 1, 2018.08, 242.17, 2.69, TRUE);
INSERT INTO route_edge
(id, origin_location_id, destination_location_id, transport_type_id, distance_km, base_cost, estimated_hours, active)
VALUES
    (1044, 209, 175, 1, 2032.35, 243.88, 2.71, TRUE);
INSERT INTO route_edge
(id, origin_location_id, destination_location_id, transport_type_id, distance_km, base_cost, estimated_hours, active)
VALUES
    (1045, 209, 51, 1, 2185.01, 262.20, 2.91, TRUE);
INSERT INTO route_edge
(id, origin_location_id, destination_location_id, transport_type_id, distance_km, base_cost, estimated_hours, active)
VALUES
    (1046, 210, 14, 1, 679.63, 81.56, 0.91, TRUE);
INSERT INTO route_edge
(id, origin_location_id, destination_location_id, transport_type_id, distance_km, base_cost, estimated_hours, active)
VALUES
    (1047, 210, 6, 1, 837.69, 100.52, 1.12, TRUE);
INSERT INTO route_edge
(id, origin_location_id, destination_location_id, transport_type_id, distance_km, base_cost, estimated_hours, active)
VALUES
    (1048, 210, 120, 1, 849.36, 101.92, 1.13, TRUE);
INSERT INTO route_edge
(id, origin_location_id, destination_location_id, transport_type_id, distance_km, base_cost, estimated_hours, active)
VALUES
    (1049, 210, 76, 1, 1022.08, 122.65, 1.36, TRUE);
INSERT INTO route_edge
(id, origin_location_id, destination_location_id, transport_type_id, distance_km, base_cost, estimated_hours, active)
VALUES
    (1050, 210, 102, 1, 1176.17, 141.14, 1.57, TRUE);
INSERT INTO route_edge
(id, origin_location_id, destination_location_id, transport_type_id, distance_km, base_cost, estimated_hours, active)
VALUES
    (1051, 211, 146, 1, 397.89, 47.75, 0.53, TRUE);
INSERT INTO route_edge
(id, origin_location_id, destination_location_id, transport_type_id, distance_km, base_cost, estimated_hours, active)
VALUES
    (1052, 211, 59, 1, 624.72, 74.97, 0.83, TRUE);
INSERT INTO route_edge
(id, origin_location_id, destination_location_id, transport_type_id, distance_km, base_cost, estimated_hours, active)
VALUES
    (1053, 211, 105, 1, 721.12, 86.53, 0.96, TRUE);
INSERT INTO route_edge
(id, origin_location_id, destination_location_id, transport_type_id, distance_km, base_cost, estimated_hours, active)
VALUES
    (1054, 211, 193, 1, 812.51, 97.50, 1.08, TRUE);
INSERT INTO route_edge
(id, origin_location_id, destination_location_id, transport_type_id, distance_km, base_cost, estimated_hours, active)
VALUES
    (1055, 211, 130, 1, 871.33, 104.56, 1.16, TRUE);
INSERT INTO route_edge
(id, origin_location_id, destination_location_id, transport_type_id, distance_km, base_cost, estimated_hours, active)
VALUES
    (1056, 212, 162, 1, 596.00, 71.52, 0.79, TRUE);
INSERT INTO route_edge
(id, origin_location_id, destination_location_id, transport_type_id, distance_km, base_cost, estimated_hours, active)
VALUES
    (1057, 212, 68, 1, 867.80, 104.14, 1.16, TRUE);
INSERT INTO route_edge
(id, origin_location_id, destination_location_id, transport_type_id, distance_km, base_cost, estimated_hours, active)
VALUES
    (1058, 212, 231, 1, 888.75, 106.65, 1.19, TRUE);
INSERT INTO route_edge
(id, origin_location_id, destination_location_id, transport_type_id, distance_km, base_cost, estimated_hours, active)
VALUES
    (1059, 212, 230, 1, 896.72, 107.61, 1.20, TRUE);
INSERT INTO route_edge
(id, origin_location_id, destination_location_id, transport_type_id, distance_km, base_cost, estimated_hours, active)
VALUES
    (1060, 212, 10, 1, 900.56, 108.07, 1.20, TRUE);
INSERT INTO route_edge
(id, origin_location_id, destination_location_id, transport_type_id, distance_km, base_cost, estimated_hours, active)
VALUES
    (1061, 213, 218, 1, 553.37, 66.40, 0.74, TRUE);
INSERT INTO route_edge
(id, origin_location_id, destination_location_id, transport_type_id, distance_km, base_cost, estimated_hours, active)
VALUES
    (1062, 213, 201, 1, 573.88, 68.87, 0.77, TRUE);
INSERT INTO route_edge
(id, origin_location_id, destination_location_id, transport_type_id, distance_km, base_cost, estimated_hours, active)
VALUES
    (1063, 213, 52, 1, 586.74, 70.41, 0.78, TRUE);
INSERT INTO route_edge
(id, origin_location_id, destination_location_id, transport_type_id, distance_km, base_cost, estimated_hours, active)
VALUES
    (1064, 213, 122, 1, 735.47, 88.26, 0.98, TRUE);
INSERT INTO route_edge
(id, origin_location_id, destination_location_id, transport_type_id, distance_km, base_cost, estimated_hours, active)
VALUES
    (1065, 213, 179, 1, 746.38, 89.57, 1.00, TRUE);
INSERT INTO route_edge
(id, origin_location_id, destination_location_id, transport_type_id, distance_km, base_cost, estimated_hours, active)
VALUES
    (1066, 214, 75, 1, 140.81, 16.90, 0.19, TRUE);
INSERT INTO route_edge
(id, origin_location_id, destination_location_id, transport_type_id, distance_km, base_cost, estimated_hours, active)
VALUES
    (1067, 214, 224, 1, 226.17, 27.14, 0.30, TRUE);
INSERT INTO route_edge
(id, origin_location_id, destination_location_id, transport_type_id, distance_km, base_cost, estimated_hours, active)
VALUES
    (1068, 214, 16, 1, 258.94, 31.07, 0.35, TRUE);
INSERT INTO route_edge
(id, origin_location_id, destination_location_id, transport_type_id, distance_km, base_cost, estimated_hours, active)
VALUES
    (1069, 214, 123, 1, 287.59, 34.51, 0.38, TRUE);
INSERT INTO route_edge
(id, origin_location_id, destination_location_id, transport_type_id, distance_km, base_cost, estimated_hours, active)
VALUES
    (1070, 214, 143, 1, 383.12, 45.97, 0.51, TRUE);
INSERT INTO route_edge
(id, origin_location_id, destination_location_id, transport_type_id, distance_km, base_cost, estimated_hours, active)
VALUES
    (1071, 215, 230, 1, 726.33, 87.16, 0.97, TRUE);
INSERT INTO route_edge
(id, origin_location_id, destination_location_id, transport_type_id, distance_km, base_cost, estimated_hours, active)
VALUES
    (1072, 215, 68, 1, 1044.68, 125.36, 1.39, TRUE);
INSERT INTO route_edge
(id, origin_location_id, destination_location_id, transport_type_id, distance_km, base_cost, estimated_hours, active)
VALUES
    (1073, 215, 231, 1, 1125.96, 135.12, 1.50, TRUE);
INSERT INTO route_edge
(id, origin_location_id, destination_location_id, transport_type_id, distance_km, base_cost, estimated_hours, active)
VALUES
    (1074, 215, 10, 1, 1275.06, 153.01, 1.70, TRUE);
INSERT INTO route_edge
(id, origin_location_id, destination_location_id, transport_type_id, distance_km, base_cost, estimated_hours, active)
VALUES
    (1075, 215, 113, 1, 1289.51, 154.74, 1.72, TRUE);
INSERT INTO route_edge
(id, origin_location_id, destination_location_id, transport_type_id, distance_km, base_cost, estimated_hours, active)
VALUES
    (1076, 216, 91, 1, 661.96, 79.43, 0.88, TRUE);
INSERT INTO route_edge
(id, origin_location_id, destination_location_id, transport_type_id, distance_km, base_cost, estimated_hours, active)
VALUES
    (1077, 216, 141, 1, 696.50, 83.58, 0.93, TRUE);
INSERT INTO route_edge
(id, origin_location_id, destination_location_id, transport_type_id, distance_km, base_cost, estimated_hours, active)
VALUES
    (1078, 216, 233, 1, 1221.41, 146.57, 1.63, TRUE);
INSERT INTO route_edge
(id, origin_location_id, destination_location_id, transport_type_id, distance_km, base_cost, estimated_hours, active)
VALUES
    (1079, 216, 117, 1, 1499.51, 179.94, 2.00, TRUE);
INSERT INTO route_edge
(id, origin_location_id, destination_location_id, transport_type_id, distance_km, base_cost, estimated_hours, active)
VALUES
    (1080, 216, 169, 1, 1809.31, 217.12, 2.41, TRUE);
INSERT INTO route_edge
(id, origin_location_id, destination_location_id, transport_type_id, distance_km, base_cost, estimated_hours, active)
VALUES
    (1081, 217, 114, 1, 683.70, 82.04, 0.91, TRUE);
INSERT INTO route_edge
(id, origin_location_id, destination_location_id, transport_type_id, distance_km, base_cost, estimated_hours, active)
VALUES
    (1082, 217, 110, 1, 921.28, 110.55, 1.23, TRUE);
INSERT INTO route_edge
(id, origin_location_id, destination_location_id, transport_type_id, distance_km, base_cost, estimated_hours, active)
VALUES
    (1083, 217, 235, 1, 937.08, 112.45, 1.25, TRUE);
INSERT INTO route_edge
(id, origin_location_id, destination_location_id, transport_type_id, distance_km, base_cost, estimated_hours, active)
VALUES
    (1084, 217, 219, 1, 1074.40, 128.93, 1.43, TRUE);
INSERT INTO route_edge
(id, origin_location_id, destination_location_id, transport_type_id, distance_km, base_cost, estimated_hours, active)
VALUES
    (1085, 217, 149, 1, 1082.17, 129.86, 1.44, TRUE);
INSERT INTO route_edge
(id, origin_location_id, destination_location_id, transport_type_id, distance_km, base_cost, estimated_hours, active)
VALUES
    (1086, 218, 132, 1, 441.82, 53.02, 0.59, TRUE);
INSERT INTO route_edge
(id, origin_location_id, destination_location_id, transport_type_id, distance_km, base_cost, estimated_hours, active)
VALUES
    (1087, 218, 213, 1, 553.37, 66.40, 0.74, TRUE);
INSERT INTO route_edge
(id, origin_location_id, destination_location_id, transport_type_id, distance_km, base_cost, estimated_hours, active)
VALUES
    (1088, 218, 179, 1, 624.10, 74.89, 0.83, TRUE);
INSERT INTO route_edge
(id, origin_location_id, destination_location_id, transport_type_id, distance_km, base_cost, estimated_hours, active)
VALUES
    (1089, 218, 76, 1, 755.50, 90.66, 1.01, TRUE);
INSERT INTO route_edge
(id, origin_location_id, destination_location_id, transport_type_id, distance_km, base_cost, estimated_hours, active)
VALUES
    (1090, 218, 20, 1, 885.10, 106.21, 1.18, TRUE);
INSERT INTO route_edge
(id, origin_location_id, destination_location_id, transport_type_id, distance_km, base_cost, estimated_hours, active)
VALUES
    (1091, 219, 110, 1, 313.43, 37.61, 0.42, TRUE);
INSERT INTO route_edge
(id, origin_location_id, destination_location_id, transport_type_id, distance_km, base_cost, estimated_hours, active)
VALUES
    (1092, 219, 182, 1, 340.02, 40.80, 0.45, TRUE);
INSERT INTO route_edge
(id, origin_location_id, destination_location_id, transport_type_id, distance_km, base_cost, estimated_hours, active)
VALUES
    (1093, 219, 37, 1, 403.89, 48.47, 0.54, TRUE);
INSERT INTO route_edge
(id, origin_location_id, destination_location_id, transport_type_id, distance_km, base_cost, estimated_hours, active)
VALUES
    (1094, 219, 22, 1, 510.62, 61.27, 0.68, TRUE);
INSERT INTO route_edge
(id, origin_location_id, destination_location_id, transport_type_id, distance_km, base_cost, estimated_hours, active)
VALUES
    (1095, 219, 197, 1, 545.12, 65.41, 0.73, TRUE);
INSERT INTO route_edge
(id, origin_location_id, destination_location_id, transport_type_id, distance_km, base_cost, estimated_hours, active)
VALUES
    (1096, 220, 136, 1, 2635.88, 316.31, 3.51, TRUE);
INSERT INTO route_edge
(id, origin_location_id, destination_location_id, transport_type_id, distance_km, base_cost, estimated_hours, active)
VALUES
    (1097, 220, 113, 1, 3147.64, 377.72, 4.20, TRUE);
INSERT INTO route_edge
(id, origin_location_id, destination_location_id, transport_type_id, distance_km, base_cost, estimated_hours, active)
VALUES
    (1098, 220, 161, 1, 3608.34, 433.00, 4.81, TRUE);
INSERT INTO route_edge
(id, origin_location_id, destination_location_id, transport_type_id, distance_km, base_cost, estimated_hours, active)
VALUES
    (1099, 220, 70, 1, 3969.03, 476.28, 5.29, TRUE);
INSERT INTO route_edge
(id, origin_location_id, destination_location_id, transport_type_id, distance_km, base_cost, estimated_hours, active)
VALUES
    (1100, 220, 109, 1, 3999.26, 479.91, 5.33, TRUE);
INSERT INTO route_edge
(id, origin_location_id, destination_location_id, transport_type_id, distance_km, base_cost, estimated_hours, active)
VALUES
    (1101, 221, 35, 1, 483.31, 58.00, 0.64, TRUE);
INSERT INTO route_edge
(id, origin_location_id, destination_location_id, transport_type_id, distance_km, base_cost, estimated_hours, active)
VALUES
    (1102, 221, 25, 1, 1405.24, 168.63, 1.87, TRUE);
INSERT INTO route_edge
(id, origin_location_id, destination_location_id, transport_type_id, distance_km, base_cost, estimated_hours, active)
VALUES
    (1103, 221, 172, 1, 1457.98, 174.96, 1.94, TRUE);
INSERT INTO route_edge
(id, origin_location_id, destination_location_id, transport_type_id, distance_km, base_cost, estimated_hours, active)
VALUES
    (1104, 221, 30, 1, 1997.48, 239.70, 2.66, TRUE);
INSERT INTO route_edge
(id, origin_location_id, destination_location_id, transport_type_id, distance_km, base_cost, estimated_hours, active)
VALUES
    (1105, 221, 48, 1, 2336.37, 280.36, 3.12, TRUE);
INSERT INTO route_edge
(id, origin_location_id, destination_location_id, transport_type_id, distance_km, base_cost, estimated_hours, active)
VALUES
    (1106, 222, 176, 1, 1076.56, 129.19, 1.44, TRUE);
INSERT INTO route_edge
(id, origin_location_id, destination_location_id, transport_type_id, distance_km, base_cost, estimated_hours, active)
VALUES
    (1107, 222, 43, 1, 1659.66, 199.16, 2.21, TRUE);
INSERT INTO route_edge
(id, origin_location_id, destination_location_id, transport_type_id, distance_km, base_cost, estimated_hours, active)
VALUES
    (1108, 222, 69, 1, 1898.70, 227.84, 2.53, TRUE);
INSERT INTO route_edge
(id, origin_location_id, destination_location_id, transport_type_id, distance_km, base_cost, estimated_hours, active)
VALUES
    (1109, 222, 27, 1, 1952.36, 234.28, 2.60, TRUE);
INSERT INTO route_edge
(id, origin_location_id, destination_location_id, transport_type_id, distance_km, base_cost, estimated_hours, active)
VALUES
    (1110, 222, 9, 1, 2151.99, 258.24, 2.87, TRUE);
INSERT INTO route_edge
(id, origin_location_id, destination_location_id, transport_type_id, distance_km, base_cost, estimated_hours, active)
VALUES
    (1111, 223, 111, 1, 112.07, 13.45, 0.15, TRUE);
INSERT INTO route_edge
(id, origin_location_id, destination_location_id, transport_type_id, distance_km, base_cost, estimated_hours, active)
VALUES
    (1112, 223, 208, 1, 416.77, 50.01, 0.56, TRUE);
INSERT INTO route_edge
(id, origin_location_id, destination_location_id, transport_type_id, distance_km, base_cost, estimated_hours, active)
VALUES
    (1113, 223, 2, 1, 742.82, 89.14, 0.99, TRUE);
INSERT INTO route_edge
(id, origin_location_id, destination_location_id, transport_type_id, distance_km, base_cost, estimated_hours, active)
VALUES
    (1114, 223, 210, 1, 1475.47, 177.06, 1.97, TRUE);
INSERT INTO route_edge
(id, origin_location_id, destination_location_id, transport_type_id, distance_km, base_cost, estimated_hours, active)
VALUES
    (1115, 223, 120, 1, 1712.48, 205.50, 2.28, TRUE);
INSERT INTO route_edge
(id, origin_location_id, destination_location_id, transport_type_id, distance_km, base_cost, estimated_hours, active)
VALUES
    (1116, 224, 123, 1, 67.21, 8.06, 0.09, TRUE);
INSERT INTO route_edge
(id, origin_location_id, destination_location_id, transport_type_id, distance_km, base_cost, estimated_hours, active)
VALUES
    (1117, 224, 75, 1, 145.90, 17.51, 0.19, TRUE);
INSERT INTO route_edge
(id, origin_location_id, destination_location_id, transport_type_id, distance_km, base_cost, estimated_hours, active)
VALUES
    (1118, 224, 143, 1, 159.92, 19.19, 0.21, TRUE);
INSERT INTO route_edge
(id, origin_location_id, destination_location_id, transport_type_id, distance_km, base_cost, estimated_hours, active)
VALUES
    (1119, 224, 16, 1, 179.77, 21.57, 0.24, TRUE);
INSERT INTO route_edge
(id, origin_location_id, destination_location_id, transport_type_id, distance_km, base_cost, estimated_hours, active)
VALUES
    (1120, 224, 214, 1, 226.17, 27.14, 0.30, TRUE);
INSERT INTO route_edge
(id, origin_location_id, destination_location_id, transport_type_id, distance_km, base_cost, estimated_hours, active)
VALUES
    (1121, 225, 75, 1, 380.69, 45.68, 0.51, TRUE);
INSERT INTO route_edge
(id, origin_location_id, destination_location_id, transport_type_id, distance_km, base_cost, estimated_hours, active)
VALUES
    (1122, 225, 214, 1, 437.45, 52.49, 0.58, TRUE);
INSERT INTO route_edge
(id, origin_location_id, destination_location_id, transport_type_id, distance_km, base_cost, estimated_hours, active)
VALUES
    (1123, 225, 28, 1, 450.20, 54.02, 0.60, TRUE);
INSERT INTO route_edge
(id, origin_location_id, destination_location_id, transport_type_id, distance_km, base_cost, estimated_hours, active)
VALUES
    (1124, 225, 224, 1, 513.62, 61.63, 0.68, TRUE);
INSERT INTO route_edge
(id, origin_location_id, destination_location_id, transport_type_id, distance_km, base_cost, estimated_hours, active)
VALUES
    (1125, 225, 50, 1, 519.72, 62.37, 0.69, TRUE);
INSERT INTO route_edge
(id, origin_location_id, destination_location_id, transport_type_id, distance_km, base_cost, estimated_hours, active)
VALUES
    (1126, 226, 227, 1, 47.51, 5.70, 0.06, TRUE);
INSERT INTO route_edge
(id, origin_location_id, destination_location_id, transport_type_id, distance_km, base_cost, estimated_hours, active)
VALUES
    (1127, 226, 173, 1, 154.02, 18.48, 0.21, TRUE);
INSERT INTO route_edge
(id, origin_location_id, destination_location_id, transport_type_id, distance_km, base_cost, estimated_hours, active)
VALUES
    (1128, 226, 200, 1, 157.86, 18.94, 0.21, TRUE);
INSERT INTO route_edge
(id, origin_location_id, destination_location_id, transport_type_id, distance_km, base_cost, estimated_hours, active)
VALUES
    (1129, 226, 4, 1, 159.32, 19.12, 0.21, TRUE);
INSERT INTO route_edge
(id, origin_location_id, destination_location_id, transport_type_id, distance_km, base_cost, estimated_hours, active)
VALUES
    (1130, 226, 134, 1, 162.38, 19.49, 0.22, TRUE);
INSERT INTO route_edge
(id, origin_location_id, destination_location_id, transport_type_id, distance_km, base_cost, estimated_hours, active)
VALUES
    (1131, 227, 226, 1, 47.51, 5.70, 0.06, TRUE);
INSERT INTO route_edge
(id, origin_location_id, destination_location_id, transport_type_id, distance_km, base_cost, estimated_hours, active)
VALUES
    (1132, 227, 173, 1, 108.70, 13.04, 0.14, TRUE);
INSERT INTO route_edge
(id, origin_location_id, destination_location_id, transport_type_id, distance_km, base_cost, estimated_hours, active)
VALUES
    (1133, 227, 200, 1, 200.10, 24.01, 0.27, TRUE);
INSERT INTO route_edge
(id, origin_location_id, destination_location_id, transport_type_id, distance_km, base_cost, estimated_hours, active)
VALUES
    (1134, 227, 4, 1, 203.62, 24.43, 0.27, TRUE);
INSERT INTO route_edge
(id, origin_location_id, destination_location_id, transport_type_id, distance_km, base_cost, estimated_hours, active)
VALUES
    (1135, 227, 134, 1, 205.52, 24.66, 0.27, TRUE);
INSERT INTO route_edge
(id, origin_location_id, destination_location_id, transport_type_id, distance_km, base_cost, estimated_hours, active)
VALUES
    (1136, 228, 112, 1, 416.81, 50.02, 0.56, TRUE);
INSERT INTO route_edge
(id, origin_location_id, destination_location_id, transport_type_id, distance_km, base_cost, estimated_hours, active)
VALUES
    (1137, 228, 233, 1, 716.35, 85.96, 0.96, TRUE);
INSERT INTO route_edge
(id, origin_location_id, destination_location_id, transport_type_id, distance_km, base_cost, estimated_hours, active)
VALUES
    (1138, 228, 207, 1, 756.45, 90.77, 1.01, TRUE);
INSERT INTO route_edge
(id, origin_location_id, destination_location_id, transport_type_id, distance_km, base_cost, estimated_hours, active)
VALUES
    (1139, 228, 26, 1, 1083.59, 130.03, 1.44, TRUE);
INSERT INTO route_edge
(id, origin_location_id, destination_location_id, transport_type_id, distance_km, base_cost, estimated_hours, active)
VALUES
    (1140, 228, 151, 1, 1095.38, 131.45, 1.46, TRUE);
INSERT INTO route_edge
(id, origin_location_id, destination_location_id, transport_type_id, distance_km, base_cost, estimated_hours, active)
VALUES
    (1141, 229, 153, 1, 527.99, 63.36, 0.70, TRUE);
INSERT INTO route_edge
(id, origin_location_id, destination_location_id, transport_type_id, distance_km, base_cost, estimated_hours, active)
VALUES
    (1142, 229, 68, 1, 965.63, 115.88, 1.29, TRUE);
INSERT INTO route_edge
(id, origin_location_id, destination_location_id, transport_type_id, distance_km, base_cost, estimated_hours, active)
VALUES
    (1143, 229, 155, 1, 1261.82, 151.42, 1.68, TRUE);
INSERT INTO route_edge
(id, origin_location_id, destination_location_id, transport_type_id, distance_km, base_cost, estimated_hours, active)
VALUES
    (1144, 229, 184, 1, 1281.54, 153.78, 1.71, TRUE);
INSERT INTO route_edge
(id, origin_location_id, destination_location_id, transport_type_id, distance_km, base_cost, estimated_hours, active)
VALUES
    (1145, 229, 215, 1, 1557.17, 186.86, 2.08, TRUE);
INSERT INTO route_edge
(id, origin_location_id, destination_location_id, transport_type_id, distance_km, base_cost, estimated_hours, active)
VALUES
    (1146, 230, 231, 1, 457.76, 54.93, 0.61, TRUE);
INSERT INTO route_edge
(id, origin_location_id, destination_location_id, transport_type_id, distance_km, base_cost, estimated_hours, active)
VALUES
    (1147, 230, 10, 1, 605.01, 72.60, 0.81, TRUE);
INSERT INTO route_edge
(id, origin_location_id, destination_location_id, transport_type_id, distance_km, base_cost, estimated_hours, active)
VALUES
    (1148, 230, 215, 1, 726.33, 87.16, 0.97, TRUE);
INSERT INTO route_edge
(id, origin_location_id, destination_location_id, transport_type_id, distance_km, base_cost, estimated_hours, active)
VALUES
    (1149, 230, 68, 1, 847.03, 101.64, 1.13, TRUE);
INSERT INTO route_edge
(id, origin_location_id, destination_location_id, transport_type_id, distance_km, base_cost, estimated_hours, active)
VALUES
    (1150, 230, 212, 1, 896.72, 107.61, 1.20, TRUE);
INSERT INTO route_edge
(id, origin_location_id, destination_location_id, transport_type_id, distance_km, base_cost, estimated_hours, active)
VALUES
    (1151, 231, 10, 1, 150.67, 18.08, 0.20, TRUE);
INSERT INTO route_edge
(id, origin_location_id, destination_location_id, transport_type_id, distance_km, base_cost, estimated_hours, active)
VALUES
    (1152, 231, 230, 1, 457.76, 54.93, 0.61, TRUE);
INSERT INTO route_edge
(id, origin_location_id, destination_location_id, transport_type_id, distance_km, base_cost, estimated_hours, active)
VALUES
    (1153, 231, 162, 1, 624.64, 74.96, 0.83, TRUE);
INSERT INTO route_edge
(id, origin_location_id, destination_location_id, transport_type_id, distance_km, base_cost, estimated_hours, active)
VALUES
    (1154, 231, 212, 1, 888.75, 106.65, 1.19, TRUE);
INSERT INTO route_edge
(id, origin_location_id, destination_location_id, transport_type_id, distance_km, base_cost, estimated_hours, active)
VALUES
    (1155, 231, 215, 1, 1125.96, 135.12, 1.50, TRUE);
INSERT INTO route_edge
(id, origin_location_id, destination_location_id, transport_type_id, distance_km, base_cost, estimated_hours, active)
VALUES
    (1156, 232, 133, 1, 148.23, 17.79, 0.20, TRUE);
INSERT INTO route_edge
(id, origin_location_id, destination_location_id, transport_type_id, distance_km, base_cost, estimated_hours, active)
VALUES
    (1157, 232, 137, 1, 156.77, 18.81, 0.21, TRUE);
INSERT INTO route_edge
(id, origin_location_id, destination_location_id, transport_type_id, distance_km, base_cost, estimated_hours, active)
VALUES
    (1158, 232, 5, 1, 168.51, 20.22, 0.22, TRUE);
INSERT INTO route_edge
(id, origin_location_id, destination_location_id, transport_type_id, distance_km, base_cost, estimated_hours, active)
VALUES
    (1159, 232, 20, 1, 195.33, 23.44, 0.26, TRUE);
INSERT INTO route_edge
(id, origin_location_id, destination_location_id, transport_type_id, distance_km, base_cost, estimated_hours, active)
VALUES
    (1160, 232, 180, 1, 256.44, 30.77, 0.34, TRUE);
INSERT INTO route_edge
(id, origin_location_id, destination_location_id, transport_type_id, distance_km, base_cost, estimated_hours, active)
VALUES
    (1161, 233, 228, 1, 716.35, 85.96, 0.96, TRUE);
INSERT INTO route_edge
(id, origin_location_id, destination_location_id, transport_type_id, distance_km, base_cost, estimated_hours, active)
VALUES
    (1162, 233, 141, 1, 751.09, 90.13, 1.00, TRUE);
INSERT INTO route_edge
(id, origin_location_id, destination_location_id, transport_type_id, distance_km, base_cost, estimated_hours, active)
VALUES
    (1163, 233, 91, 1, 779.81, 93.58, 1.04, TRUE);
INSERT INTO route_edge
(id, origin_location_id, destination_location_id, transport_type_id, distance_km, base_cost, estimated_hours, active)
VALUES
    (1164, 233, 112, 1, 1018.44, 122.21, 1.36, TRUE);
INSERT INTO route_edge
(id, origin_location_id, destination_location_id, transport_type_id, distance_km, base_cost, estimated_hours, active)
VALUES
    (1165, 233, 121, 1, 1060.15, 127.22, 1.41, TRUE);
INSERT INTO route_edge
(id, origin_location_id, destination_location_id, transport_type_id, distance_km, base_cost, estimated_hours, active)
VALUES
    (1166, 234, 55, 1, 248.31, 29.80, 0.33, TRUE);
INSERT INTO route_edge
(id, origin_location_id, destination_location_id, transport_type_id, distance_km, base_cost, estimated_hours, active)
VALUES
    (1167, 234, 195, 1, 382.85, 45.94, 0.51, TRUE);
INSERT INTO route_edge
(id, origin_location_id, destination_location_id, transport_type_id, distance_km, base_cost, estimated_hours, active)
VALUES
    (1168, 234, 183, 1, 653.13, 78.38, 0.87, TRUE);
INSERT INTO route_edge
(id, origin_location_id, destination_location_id, transport_type_id, distance_km, base_cost, estimated_hours, active)
VALUES
    (1169, 234, 64, 1, 686.83, 82.42, 0.92, TRUE);
INSERT INTO route_edge
(id, origin_location_id, destination_location_id, transport_type_id, distance_km, base_cost, estimated_hours, active)
VALUES
    (1170, 234, 66, 1, 803.77, 96.45, 1.07, TRUE);
INSERT INTO route_edge
(id, origin_location_id, destination_location_id, transport_type_id, distance_km, base_cost, estimated_hours, active)
VALUES
    (1171, 235, 114, 1, 260.47, 31.26, 0.35, TRUE);
INSERT INTO route_edge
(id, origin_location_id, destination_location_id, transport_type_id, distance_km, base_cost, estimated_hours, active)
VALUES
    (1172, 235, 205, 1, 546.37, 65.56, 0.73, TRUE);
INSERT INTO route_edge
(id, origin_location_id, destination_location_id, transport_type_id, distance_km, base_cost, estimated_hours, active)
VALUES
    (1173, 235, 135, 1, 706.02, 84.72, 0.94, TRUE);
INSERT INTO route_edge
(id, origin_location_id, destination_location_id, transport_type_id, distance_km, base_cost, estimated_hours, active)
VALUES
    (1174, 235, 217, 1, 937.08, 112.45, 1.25, TRUE);
INSERT INTO route_edge
(id, origin_location_id, destination_location_id, transport_type_id, distance_km, base_cost, estimated_hours, active)
VALUES
    (1175, 235, 149, 1, 1155.76, 138.69, 1.54, TRUE);
INSERT INTO route_edge
(id, origin_location_id, destination_location_id, transport_type_id, distance_km, base_cost, estimated_hours, active)
VALUES
    (1176, 236, 202, 1, 360.28, 43.23, 0.48, TRUE);
INSERT INTO route_edge
(id, origin_location_id, destination_location_id, transport_type_id, distance_km, base_cost, estimated_hours, active)
VALUES
    (1177, 236, 32, 1, 367.64, 44.12, 0.49, TRUE);
INSERT INTO route_edge
(id, origin_location_id, destination_location_id, transport_type_id, distance_km, base_cost, estimated_hours, active)
VALUES
    (1178, 236, 238, 1, 434.40, 52.13, 0.58, TRUE);
INSERT INTO route_edge
(id, origin_location_id, destination_location_id, transport_type_id, distance_km, base_cost, estimated_hours, active)
VALUES
    (1179, 236, 126, 1, 651.94, 78.23, 0.87, TRUE);
INSERT INTO route_edge
(id, origin_location_id, destination_location_id, transport_type_id, distance_km, base_cost, estimated_hours, active)
VALUES
    (1180, 236, 152, 1, 720.32, 86.44, 0.96, TRUE);
INSERT INTO route_edge
(id, origin_location_id, destination_location_id, transport_type_id, distance_km, base_cost, estimated_hours, active)
VALUES
    (1181, 237, 238, 1, 521.31, 62.56, 0.70, TRUE);
INSERT INTO route_edge
(id, origin_location_id, destination_location_id, transport_type_id, distance_km, base_cost, estimated_hours, active)
VALUES
    (1182, 237, 149, 1, 699.60, 83.95, 0.93, TRUE);
INSERT INTO route_edge
(id, origin_location_id, destination_location_id, transport_type_id, distance_km, base_cost, estimated_hours, active)
VALUES
    (1183, 237, 152, 1, 845.26, 101.43, 1.13, TRUE);
INSERT INTO route_edge
(id, origin_location_id, destination_location_id, transport_type_id, distance_km, base_cost, estimated_hours, active)
VALUES
    (1184, 237, 236, 1, 952.59, 114.31, 1.27, TRUE);
INSERT INTO route_edge
(id, origin_location_id, destination_location_id, transport_type_id, distance_km, base_cost, estimated_hours, active)
VALUES
    (1185, 237, 32, 1, 1059.26, 127.11, 1.41, TRUE);
INSERT INTO route_edge
(id, origin_location_id, destination_location_id, transport_type_id, distance_km, base_cost, estimated_hours, active)
VALUES
    (1186, 238, 236, 1, 434.40, 52.13, 0.58, TRUE);
INSERT INTO route_edge
(id, origin_location_id, destination_location_id, transport_type_id, distance_km, base_cost, estimated_hours, active)
VALUES
    (1187, 238, 237, 1, 521.31, 62.56, 0.70, TRUE);
INSERT INTO route_edge
(id, origin_location_id, destination_location_id, transport_type_id, distance_km, base_cost, estimated_hours, active)
VALUES
    (1188, 238, 32, 1, 576.29, 69.15, 0.77, TRUE);
INSERT INTO route_edge
(id, origin_location_id, destination_location_id, transport_type_id, distance_km, base_cost, estimated_hours, active)
VALUES
    (1189, 238, 152, 1, 657.49, 78.90, 0.88, TRUE);
INSERT INTO route_edge
(id, origin_location_id, destination_location_id, transport_type_id, distance_km, base_cost, estimated_hours, active)
VALUES
    (1190, 238, 202, 1, 772.79, 92.74, 1.03, TRUE);

-- tariff
INSERT INTO tariff
(id, country_id, partner_country_id, hs6_code, rate_pct, tariff_type_id, source, effective_from, effective_to)
VALUES
    (1, 1, NULL, NULL, 8.009, 4, 'MOCK', NULL, NULL);
INSERT INTO tariff
(id, country_id, partner_country_id, hs6_code, rate_pct, tariff_type_id, source, effective_from, effective_to)
VALUES
    (2, 2, NULL, NULL, 7.403, 4, 'MOCK', NULL, NULL);
INSERT INTO tariff
(id, country_id, partner_country_id, hs6_code, rate_pct, tariff_type_id, source, effective_from, effective_to)
VALUES
    (3, 3, NULL, NULL, 2.963, 4, 'MOCK', NULL, NULL);
INSERT INTO tariff
(id, country_id, partner_country_id, hs6_code, rate_pct, tariff_type_id, source, effective_from, effective_to)
VALUES
    (4, 4, NULL, NULL, 8.667, 4, 'MOCK', NULL, NULL);
INSERT INTO tariff
(id, country_id, partner_country_id, hs6_code, rate_pct, tariff_type_id, source, effective_from, effective_to)
VALUES
    (5, 5, NULL, NULL, 2.572, 4, 'MOCK', NULL, NULL);
INSERT INTO tariff
(id, country_id, partner_country_id, hs6_code, rate_pct, tariff_type_id, source, effective_from, effective_to)
VALUES
    (6, 6, NULL, NULL, 10.049, 4, 'MOCK', NULL, NULL);
INSERT INTO tariff
(id, country_id, partner_country_id, hs6_code, rate_pct, tariff_type_id, source, effective_from, effective_to)
VALUES
    (7, 7, NULL, NULL, 9.676, 4, 'MOCK', NULL, NULL);
INSERT INTO tariff
(id, country_id, partner_country_id, hs6_code, rate_pct, tariff_type_id, source, effective_from, effective_to)
VALUES
    (8, 8, NULL, NULL, 10.22, 4, 'MOCK', NULL, NULL);
INSERT INTO tariff
(id, country_id, partner_country_id, hs6_code, rate_pct, tariff_type_id, source, effective_from, effective_to)
VALUES
    (9, 9, NULL, NULL, 14.952, 4, 'MOCK', NULL, NULL);
INSERT INTO tariff
(id, country_id, partner_country_id, hs6_code, rate_pct, tariff_type_id, source, effective_from, effective_to)
VALUES
    (10, 10, NULL, NULL, 8.36, 4, 'MOCK', NULL, NULL);
INSERT INTO tariff
(id, country_id, partner_country_id, hs6_code, rate_pct, tariff_type_id, source, effective_from, effective_to)
VALUES
    (11, 11, NULL, NULL, 13.675, 4, 'MOCK', NULL, NULL);
INSERT INTO tariff
(id, country_id, partner_country_id, hs6_code, rate_pct, tariff_type_id, source, effective_from, effective_to)
VALUES
    (12, 12, NULL, NULL, 5.957, 4, 'MOCK', NULL, NULL);
INSERT INTO tariff
(id, country_id, partner_country_id, hs6_code, rate_pct, tariff_type_id, source, effective_from, effective_to)
VALUES
    (13, 13, NULL, NULL, 10.462, 4, 'MOCK', NULL, NULL);
INSERT INTO tariff
(id, country_id, partner_country_id, hs6_code, rate_pct, tariff_type_id, source, effective_from, effective_to)
VALUES
    (14, 14, NULL, NULL, 2.667, 4, 'MOCK', NULL, NULL);
INSERT INTO tariff
(id, country_id, partner_country_id, hs6_code, rate_pct, tariff_type_id, source, effective_from, effective_to)
VALUES
    (15, 15, NULL, NULL, 5.726, 4, 'MOCK', NULL, NULL);
INSERT INTO tariff
(id, country_id, partner_country_id, hs6_code, rate_pct, tariff_type_id, source, effective_from, effective_to)
VALUES
    (16, 16, NULL, NULL, 3.972, 4, 'MOCK', NULL, NULL);
INSERT INTO tariff
(id, country_id, partner_country_id, hs6_code, rate_pct, tariff_type_id, source, effective_from, effective_to)
VALUES
    (17, 17, NULL, NULL, 3.304, 4, 'MOCK', NULL, NULL);
INSERT INTO tariff
(id, country_id, partner_country_id, hs6_code, rate_pct, tariff_type_id, source, effective_from, effective_to)
VALUES
    (18, 18, NULL, NULL, 6.416, 4, 'MOCK', NULL, NULL);
INSERT INTO tariff
(id, country_id, partner_country_id, hs6_code, rate_pct, tariff_type_id, source, effective_from, effective_to)
VALUES
    (19, 19, NULL, NULL, 4.267, 4, 'MOCK', NULL, NULL);
INSERT INTO tariff
(id, country_id, partner_country_id, hs6_code, rate_pct, tariff_type_id, source, effective_from, effective_to)
VALUES
    (20, 20, NULL, NULL, 11.6, 4, 'MOCK', NULL, NULL);
INSERT INTO tariff
(id, country_id, partner_country_id, hs6_code, rate_pct, tariff_type_id, source, effective_from, effective_to)
VALUES
    (21, 21, NULL, NULL, 9.81, 4, 'MOCK', NULL, NULL);
INSERT INTO tariff
(id, country_id, partner_country_id, hs6_code, rate_pct, tariff_type_id, source, effective_from, effective_to)
VALUES
    (22, 22, NULL, NULL, 9.59, 4, 'MOCK', NULL, NULL);
INSERT INTO tariff
(id, country_id, partner_country_id, hs6_code, rate_pct, tariff_type_id, source, effective_from, effective_to)
VALUES
    (23, 23, NULL, NULL, 2.033, 4, 'MOCK', NULL, NULL);
INSERT INTO tariff
(id, country_id, partner_country_id, hs6_code, rate_pct, tariff_type_id, source, effective_from, effective_to)
VALUES
    (24, 24, NULL, NULL, 10.502, 4, 'MOCK', NULL, NULL);
INSERT INTO tariff
(id, country_id, partner_country_id, hs6_code, rate_pct, tariff_type_id, source, effective_from, effective_to)
VALUES
    (25, 25, NULL, NULL, 4.197, 4, 'MOCK', NULL, NULL);
INSERT INTO tariff
(id, country_id, partner_country_id, hs6_code, rate_pct, tariff_type_id, source, effective_from, effective_to)
VALUES
    (26, 26, NULL, NULL, 13.342, 4, 'MOCK', NULL, NULL);
INSERT INTO tariff
(id, country_id, partner_country_id, hs6_code, rate_pct, tariff_type_id, source, effective_from, effective_to)
VALUES
    (27, 27, NULL, NULL, 5.636, 4, 'MOCK', NULL, NULL);
INSERT INTO tariff
(id, country_id, partner_country_id, hs6_code, rate_pct, tariff_type_id, source, effective_from, effective_to)
VALUES
    (28, 28, NULL, NULL, 5.942, 4, 'MOCK', NULL, NULL);
INSERT INTO tariff
(id, country_id, partner_country_id, hs6_code, rate_pct, tariff_type_id, source, effective_from, effective_to)
VALUES
    (29, 29, NULL, NULL, 14.716, 4, 'MOCK', NULL, NULL);
INSERT INTO tariff
(id, country_id, partner_country_id, hs6_code, rate_pct, tariff_type_id, source, effective_from, effective_to)
VALUES
    (30, 30, NULL, NULL, 9.275, 4, 'MOCK', NULL, NULL);
INSERT INTO tariff
(id, country_id, partner_country_id, hs6_code, rate_pct, tariff_type_id, source, effective_from, effective_to)
VALUES
    (31, 31, NULL, NULL, 11.67, 4, 'MOCK', NULL, NULL);
INSERT INTO tariff
(id, country_id, partner_country_id, hs6_code, rate_pct, tariff_type_id, source, effective_from, effective_to)
VALUES
    (32, 32, NULL, NULL, 2.455, 4, 'MOCK', NULL, NULL);
INSERT INTO tariff
(id, country_id, partner_country_id, hs6_code, rate_pct, tariff_type_id, source, effective_from, effective_to)
VALUES
    (33, 33, NULL, NULL, 6.121, 4, 'MOCK', NULL, NULL);
INSERT INTO tariff
(id, country_id, partner_country_id, hs6_code, rate_pct, tariff_type_id, source, effective_from, effective_to)
VALUES
    (34, 34, NULL, NULL, 3.352, 4, 'MOCK', NULL, NULL);
INSERT INTO tariff
(id, country_id, partner_country_id, hs6_code, rate_pct, tariff_type_id, source, effective_from, effective_to)
VALUES
    (35, 35, NULL, NULL, 4.362, 4, 'MOCK', NULL, NULL);
INSERT INTO tariff
(id, country_id, partner_country_id, hs6_code, rate_pct, tariff_type_id, source, effective_from, effective_to)
VALUES
    (36, 36, NULL, NULL, 10.176, 4, 'MOCK', NULL, NULL);
INSERT INTO tariff
(id, country_id, partner_country_id, hs6_code, rate_pct, tariff_type_id, source, effective_from, effective_to)
VALUES
    (37, 37, NULL, NULL, 11.422, 4, 'MOCK', NULL, NULL);
INSERT INTO tariff
(id, country_id, partner_country_id, hs6_code, rate_pct, tariff_type_id, source, effective_from, effective_to)
VALUES
    (38, 38, NULL, NULL, 6.984, 4, 'MOCK', NULL, NULL);
INSERT INTO tariff
(id, country_id, partner_country_id, hs6_code, rate_pct, tariff_type_id, source, effective_from, effective_to)
VALUES
    (39, 39, NULL, NULL, 4.437, 4, 'MOCK', NULL, NULL);
INSERT INTO tariff
(id, country_id, partner_country_id, hs6_code, rate_pct, tariff_type_id, source, effective_from, effective_to)
VALUES
    (40, 40, NULL, NULL, 12.271, 4, 'MOCK', NULL, NULL);
INSERT INTO tariff
(id, country_id, partner_country_id, hs6_code, rate_pct, tariff_type_id, source, effective_from, effective_to)
VALUES
    (41, 41, NULL, NULL, 13.626, 4, 'MOCK', NULL, NULL);
INSERT INTO tariff
(id, country_id, partner_country_id, hs6_code, rate_pct, tariff_type_id, source, effective_from, effective_to)
VALUES
    (42, 42, NULL, NULL, 3.083, 4, 'MOCK', NULL, NULL);
INSERT INTO tariff
(id, country_id, partner_country_id, hs6_code, rate_pct, tariff_type_id, source, effective_from, effective_to)
VALUES
    (43, 43, NULL, NULL, 10.518, 4, 'MOCK', NULL, NULL);
INSERT INTO tariff
(id, country_id, partner_country_id, hs6_code, rate_pct, tariff_type_id, source, effective_from, effective_to)
VALUES
    (44, 44, NULL, NULL, 12.601, 4, 'MOCK', NULL, NULL);
INSERT INTO tariff
(id, country_id, partner_country_id, hs6_code, rate_pct, tariff_type_id, source, effective_from, effective_to)
VALUES
    (45, 45, NULL, NULL, 10.348, 4, 'MOCK', NULL, NULL);
INSERT INTO tariff
(id, country_id, partner_country_id, hs6_code, rate_pct, tariff_type_id, source, effective_from, effective_to)
VALUES
    (46, 46, NULL, NULL, 8.322, 4, 'MOCK', NULL, NULL);
INSERT INTO tariff
(id, country_id, partner_country_id, hs6_code, rate_pct, tariff_type_id, source, effective_from, effective_to)
VALUES
    (47, 47, NULL, NULL, 13.325, 4, 'MOCK', NULL, NULL);
INSERT INTO tariff
(id, country_id, partner_country_id, hs6_code, rate_pct, tariff_type_id, source, effective_from, effective_to)
VALUES
    (48, 48, NULL, NULL, 4.607, 4, 'MOCK', NULL, NULL);
INSERT INTO tariff
(id, country_id, partner_country_id, hs6_code, rate_pct, tariff_type_id, source, effective_from, effective_to)
VALUES
    (49, 49, NULL, NULL, 2.503, 4, 'MOCK', NULL, NULL);
INSERT INTO tariff
(id, country_id, partner_country_id, hs6_code, rate_pct, tariff_type_id, source, effective_from, effective_to)
VALUES
    (50, 50, NULL, NULL, 11.34, 4, 'MOCK', NULL, NULL);
INSERT INTO tariff
(id, country_id, partner_country_id, hs6_code, rate_pct, tariff_type_id, source, effective_from, effective_to)
VALUES
    (51, 51, NULL, NULL, 8.855, 4, 'MOCK', NULL, NULL);
INSERT INTO tariff
(id, country_id, partner_country_id, hs6_code, rate_pct, tariff_type_id, source, effective_from, effective_to)
VALUES
    (52, 52, NULL, NULL, 9.373, 4, 'MOCK', NULL, NULL);
INSERT INTO tariff
(id, country_id, partner_country_id, hs6_code, rate_pct, tariff_type_id, source, effective_from, effective_to)
VALUES
    (53, 53, NULL, NULL, 13.098, 4, 'MOCK', NULL, NULL);
INSERT INTO tariff
(id, country_id, partner_country_id, hs6_code, rate_pct, tariff_type_id, source, effective_from, effective_to)
VALUES
    (54, 54, NULL, NULL, 3.479, 4, 'MOCK', NULL, NULL);
INSERT INTO tariff
(id, country_id, partner_country_id, hs6_code, rate_pct, tariff_type_id, source, effective_from, effective_to)
VALUES
    (55, 55, NULL, NULL, 4.757, 4, 'MOCK', NULL, NULL);
INSERT INTO tariff
(id, country_id, partner_country_id, hs6_code, rate_pct, tariff_type_id, source, effective_from, effective_to)
VALUES
    (56, 56, NULL, NULL, 5.14, 4, 'MOCK', NULL, NULL);
INSERT INTO tariff
(id, country_id, partner_country_id, hs6_code, rate_pct, tariff_type_id, source, effective_from, effective_to)
VALUES
    (57, 57, NULL, NULL, 8.207, 4, 'MOCK', NULL, NULL);
INSERT INTO tariff
(id, country_id, partner_country_id, hs6_code, rate_pct, tariff_type_id, source, effective_from, effective_to)
VALUES
    (58, 58, NULL, NULL, 2.063, 4, 'MOCK', NULL, NULL);
INSERT INTO tariff
(id, country_id, partner_country_id, hs6_code, rate_pct, tariff_type_id, source, effective_from, effective_to)
VALUES
    (59, 59, NULL, NULL, 3.277, 4, 'MOCK', NULL, NULL);
INSERT INTO tariff
(id, country_id, partner_country_id, hs6_code, rate_pct, tariff_type_id, source, effective_from, effective_to)
VALUES
    (60, 60, NULL, NULL, 13.89, 4, 'MOCK', NULL, NULL);
INSERT INTO tariff
(id, country_id, partner_country_id, hs6_code, rate_pct, tariff_type_id, source, effective_from, effective_to)
VALUES
    (61, 61, NULL, NULL, 11.725, 4, 'MOCK', NULL, NULL);
INSERT INTO tariff
(id, country_id, partner_country_id, hs6_code, rate_pct, tariff_type_id, source, effective_from, effective_to)
VALUES
    (62, 62, NULL, NULL, 7.664, 4, 'MOCK', NULL, NULL);
INSERT INTO tariff
(id, country_id, partner_country_id, hs6_code, rate_pct, tariff_type_id, source, effective_from, effective_to)
VALUES
    (63, 63, NULL, NULL, 13.813, 4, 'MOCK', NULL, NULL);
INSERT INTO tariff
(id, country_id, partner_country_id, hs6_code, rate_pct, tariff_type_id, source, effective_from, effective_to)
VALUES
    (64, 64, NULL, NULL, 13.482, 4, 'MOCK', NULL, NULL);
INSERT INTO tariff
(id, country_id, partner_country_id, hs6_code, rate_pct, tariff_type_id, source, effective_from, effective_to)
VALUES
    (65, 65, NULL, NULL, 12.329, 4, 'MOCK', NULL, NULL);
INSERT INTO tariff
(id, country_id, partner_country_id, hs6_code, rate_pct, tariff_type_id, source, effective_from, effective_to)
VALUES
    (66, 66, NULL, NULL, 10.379, 4, 'MOCK', NULL, NULL);
INSERT INTO tariff
(id, country_id, partner_country_id, hs6_code, rate_pct, tariff_type_id, source, effective_from, effective_to)
VALUES
    (67, 67, NULL, NULL, 6.001, 4, 'MOCK', NULL, NULL);
INSERT INTO tariff
(id, country_id, partner_country_id, hs6_code, rate_pct, tariff_type_id, source, effective_from, effective_to)
VALUES
    (68, 68, NULL, NULL, 11.966, 4, 'MOCK', NULL, NULL);
INSERT INTO tariff
(id, country_id, partner_country_id, hs6_code, rate_pct, tariff_type_id, source, effective_from, effective_to)
VALUES
    (69, 69, NULL, NULL, 13.195, 4, 'MOCK', NULL, NULL);
INSERT INTO tariff
(id, country_id, partner_country_id, hs6_code, rate_pct, tariff_type_id, source, effective_from, effective_to)
VALUES
    (70, 70, NULL, NULL, 9.068, 4, 'MOCK', NULL, NULL);
INSERT INTO tariff
(id, country_id, partner_country_id, hs6_code, rate_pct, tariff_type_id, source, effective_from, effective_to)
VALUES
    (71, 71, NULL, NULL, 4.494, 4, 'MOCK', NULL, NULL);
INSERT INTO tariff
(id, country_id, partner_country_id, hs6_code, rate_pct, tariff_type_id, source, effective_from, effective_to)
VALUES
    (72, 72, NULL, NULL, 11.84, 4, 'MOCK', NULL, NULL);
INSERT INTO tariff
(id, country_id, partner_country_id, hs6_code, rate_pct, tariff_type_id, source, effective_from, effective_to)
VALUES
    (73, 73, NULL, NULL, 10.491, 4, 'MOCK', NULL, NULL);
INSERT INTO tariff
(id, country_id, partner_country_id, hs6_code, rate_pct, tariff_type_id, source, effective_from, effective_to)
VALUES
    (74, 74, NULL, NULL, 12.479, 4, 'MOCK', NULL, NULL);
INSERT INTO tariff
(id, country_id, partner_country_id, hs6_code, rate_pct, tariff_type_id, source, effective_from, effective_to)
VALUES
    (75, 75, NULL, NULL, 11.673, 4, 'MOCK', NULL, NULL);
INSERT INTO tariff
(id, country_id, partner_country_id, hs6_code, rate_pct, tariff_type_id, source, effective_from, effective_to)
VALUES
    (76, 76, NULL, NULL, 5.214, 4, 'MOCK', NULL, NULL);
INSERT INTO tariff
(id, country_id, partner_country_id, hs6_code, rate_pct, tariff_type_id, source, effective_from, effective_to)
VALUES
    (77, 77, NULL, NULL, 11.649, 4, 'MOCK', NULL, NULL);
INSERT INTO tariff
(id, country_id, partner_country_id, hs6_code, rate_pct, tariff_type_id, source, effective_from, effective_to)
VALUES
    (78, 78, NULL, NULL, 13.443, 4, 'MOCK', NULL, NULL);
INSERT INTO tariff
(id, country_id, partner_country_id, hs6_code, rate_pct, tariff_type_id, source, effective_from, effective_to)
VALUES
    (79, 79, NULL, NULL, 9.369, 4, 'MOCK', NULL, NULL);
INSERT INTO tariff
(id, country_id, partner_country_id, hs6_code, rate_pct, tariff_type_id, source, effective_from, effective_to)
VALUES
    (80, 80, NULL, NULL, 6.279, 4, 'MOCK', NULL, NULL);
INSERT INTO tariff
(id, country_id, partner_country_id, hs6_code, rate_pct, tariff_type_id, source, effective_from, effective_to)
VALUES
    (81, 81, NULL, NULL, 7.527, 4, 'MOCK', NULL, NULL);
INSERT INTO tariff
(id, country_id, partner_country_id, hs6_code, rate_pct, tariff_type_id, source, effective_from, effective_to)
VALUES
    (82, 82, NULL, NULL, 14.718, 4, 'MOCK', NULL, NULL);
INSERT INTO tariff
(id, country_id, partner_country_id, hs6_code, rate_pct, tariff_type_id, source, effective_from, effective_to)
VALUES
    (83, 83, NULL, NULL, 3.034, 4, 'MOCK', NULL, NULL);
INSERT INTO tariff
(id, country_id, partner_country_id, hs6_code, rate_pct, tariff_type_id, source, effective_from, effective_to)
VALUES
    (84, 84, NULL, NULL, 10.094, 4, 'MOCK', NULL, NULL);
INSERT INTO tariff
(id, country_id, partner_country_id, hs6_code, rate_pct, tariff_type_id, source, effective_from, effective_to)
VALUES
    (85, 85, NULL, NULL, 6.425, 4, 'MOCK', NULL, NULL);
INSERT INTO tariff
(id, country_id, partner_country_id, hs6_code, rate_pct, tariff_type_id, source, effective_from, effective_to)
VALUES
    (86, 86, NULL, NULL, 11.87, 4, 'MOCK', NULL, NULL);
INSERT INTO tariff
(id, country_id, partner_country_id, hs6_code, rate_pct, tariff_type_id, source, effective_from, effective_to)
VALUES
    (87, 87, NULL, NULL, 8.357, 4, 'MOCK', NULL, NULL);
INSERT INTO tariff
(id, country_id, partner_country_id, hs6_code, rate_pct, tariff_type_id, source, effective_from, effective_to)
VALUES
    (88, 88, NULL, NULL, 14.953, 4, 'MOCK', NULL, NULL);
INSERT INTO tariff
(id, country_id, partner_country_id, hs6_code, rate_pct, tariff_type_id, source, effective_from, effective_to)
VALUES
    (89, 89, NULL, NULL, 3.486, 4, 'MOCK', NULL, NULL);
INSERT INTO tariff
(id, country_id, partner_country_id, hs6_code, rate_pct, tariff_type_id, source, effective_from, effective_to)
VALUES
    (90, 90, NULL, NULL, 11.025, 4, 'MOCK', NULL, NULL);
INSERT INTO tariff
(id, country_id, partner_country_id, hs6_code, rate_pct, tariff_type_id, source, effective_from, effective_to)
VALUES
    (91, 91, NULL, NULL, 12.952, 4, 'MOCK', NULL, NULL);
INSERT INTO tariff
(id, country_id, partner_country_id, hs6_code, rate_pct, tariff_type_id, source, effective_from, effective_to)
VALUES
    (92, 92, NULL, NULL, 7.032, 4, 'MOCK', NULL, NULL);
INSERT INTO tariff
(id, country_id, partner_country_id, hs6_code, rate_pct, tariff_type_id, source, effective_from, effective_to)
VALUES
    (93, 93, NULL, NULL, 11.99, 4, 'MOCK', NULL, NULL);
INSERT INTO tariff
(id, country_id, partner_country_id, hs6_code, rate_pct, tariff_type_id, source, effective_from, effective_to)
VALUES
    (94, 94, NULL, NULL, 12.51, 4, 'MOCK', NULL, NULL);
INSERT INTO tariff
(id, country_id, partner_country_id, hs6_code, rate_pct, tariff_type_id, source, effective_from, effective_to)
VALUES
    (95, 95, NULL, NULL, 12.971, 4, 'MOCK', NULL, NULL);
INSERT INTO tariff
(id, country_id, partner_country_id, hs6_code, rate_pct, tariff_type_id, source, effective_from, effective_to)
VALUES
    (96, 96, NULL, NULL, 2.418, 4, 'MOCK', NULL, NULL);
INSERT INTO tariff
(id, country_id, partner_country_id, hs6_code, rate_pct, tariff_type_id, source, effective_from, effective_to)
VALUES
    (97, 97, NULL, NULL, 12.388, 4, 'MOCK', NULL, NULL);
INSERT INTO tariff
(id, country_id, partner_country_id, hs6_code, rate_pct, tariff_type_id, source, effective_from, effective_to)
VALUES
    (98, 98, NULL, NULL, 14.368, 4, 'MOCK', NULL, NULL);
INSERT INTO tariff
(id, country_id, partner_country_id, hs6_code, rate_pct, tariff_type_id, source, effective_from, effective_to)
VALUES
    (99, 99, NULL, NULL, 4.56, 4, 'MOCK', NULL, NULL);
INSERT INTO tariff
(id, country_id, partner_country_id, hs6_code, rate_pct, tariff_type_id, source, effective_from, effective_to)
VALUES
    (100, 100, NULL, NULL, 11.071, 4, 'MOCK', NULL, NULL);
INSERT INTO tariff
(id, country_id, partner_country_id, hs6_code, rate_pct, tariff_type_id, source, effective_from, effective_to)
VALUES
    (101, 101, NULL, NULL, 13.888, 4, 'MOCK', NULL, NULL);
INSERT INTO tariff
(id, country_id, partner_country_id, hs6_code, rate_pct, tariff_type_id, source, effective_from, effective_to)
VALUES
    (102, 102, NULL, NULL, 10.03, 4, 'MOCK', NULL, NULL);
INSERT INTO tariff
(id, country_id, partner_country_id, hs6_code, rate_pct, tariff_type_id, source, effective_from, effective_to)
VALUES
    (103, 103, NULL, NULL, 8.853, 4, 'MOCK', NULL, NULL);
INSERT INTO tariff
(id, country_id, partner_country_id, hs6_code, rate_pct, tariff_type_id, source, effective_from, effective_to)
VALUES
    (104, 104, NULL, NULL, 6.573, 4, 'MOCK', NULL, NULL);
INSERT INTO tariff
(id, country_id, partner_country_id, hs6_code, rate_pct, tariff_type_id, source, effective_from, effective_to)
VALUES
    (105, 105, NULL, NULL, 4.569, 4, 'MOCK', NULL, NULL);
INSERT INTO tariff
(id, country_id, partner_country_id, hs6_code, rate_pct, tariff_type_id, source, effective_from, effective_to)
VALUES
    (106, 106, NULL, NULL, 12.874, 4, 'MOCK', NULL, NULL);
INSERT INTO tariff
(id, country_id, partner_country_id, hs6_code, rate_pct, tariff_type_id, source, effective_from, effective_to)
VALUES
    (107, 107, NULL, NULL, 10.825, 4, 'MOCK', NULL, NULL);
INSERT INTO tariff
(id, country_id, partner_country_id, hs6_code, rate_pct, tariff_type_id, source, effective_from, effective_to)
VALUES
    (108, 108, NULL, NULL, 10.41, 4, 'MOCK', NULL, NULL);
INSERT INTO tariff
(id, country_id, partner_country_id, hs6_code, rate_pct, tariff_type_id, source, effective_from, effective_to)
VALUES
    (109, 109, NULL, NULL, 8.037, 4, 'MOCK', NULL, NULL);
INSERT INTO tariff
(id, country_id, partner_country_id, hs6_code, rate_pct, tariff_type_id, source, effective_from, effective_to)
VALUES
    (110, 110, NULL, NULL, 10.129, 4, 'MOCK', NULL, NULL);
INSERT INTO tariff
(id, country_id, partner_country_id, hs6_code, rate_pct, tariff_type_id, source, effective_from, effective_to)
VALUES
    (111, 111, NULL, NULL, 8.661, 4, 'MOCK', NULL, NULL);
INSERT INTO tariff
(id, country_id, partner_country_id, hs6_code, rate_pct, tariff_type_id, source, effective_from, effective_to)
VALUES
    (112, 112, NULL, NULL, 7.382, 4, 'MOCK', NULL, NULL);
INSERT INTO tariff
(id, country_id, partner_country_id, hs6_code, rate_pct, tariff_type_id, source, effective_from, effective_to)
VALUES
    (113, 113, NULL, NULL, 14.298, 4, 'MOCK', NULL, NULL);
INSERT INTO tariff
(id, country_id, partner_country_id, hs6_code, rate_pct, tariff_type_id, source, effective_from, effective_to)
VALUES
    (114, 114, NULL, NULL, 7.719, 4, 'MOCK', NULL, NULL);
INSERT INTO tariff
(id, country_id, partner_country_id, hs6_code, rate_pct, tariff_type_id, source, effective_from, effective_to)
VALUES
    (115, 115, NULL, NULL, 4.603, 4, 'MOCK', NULL, NULL);
INSERT INTO tariff
(id, country_id, partner_country_id, hs6_code, rate_pct, tariff_type_id, source, effective_from, effective_to)
VALUES
    (116, 116, NULL, NULL, 5.568, 4, 'MOCK', NULL, NULL);
INSERT INTO tariff
(id, country_id, partner_country_id, hs6_code, rate_pct, tariff_type_id, source, effective_from, effective_to)
VALUES
    (117, 117, NULL, NULL, 5.578, 4, 'MOCK', NULL, NULL);
INSERT INTO tariff
(id, country_id, partner_country_id, hs6_code, rate_pct, tariff_type_id, source, effective_from, effective_to)
VALUES
    (118, 118, NULL, NULL, 2.941, 4, 'MOCK', NULL, NULL);
INSERT INTO tariff
(id, country_id, partner_country_id, hs6_code, rate_pct, tariff_type_id, source, effective_from, effective_to)
VALUES
    (119, 119, NULL, NULL, 6.181, 4, 'MOCK', NULL, NULL);
INSERT INTO tariff
(id, country_id, partner_country_id, hs6_code, rate_pct, tariff_type_id, source, effective_from, effective_to)
VALUES
    (120, 120, NULL, NULL, 7.904, 4, 'MOCK', NULL, NULL);
INSERT INTO tariff
(id, country_id, partner_country_id, hs6_code, rate_pct, tariff_type_id, source, effective_from, effective_to)
VALUES
    (121, 121, NULL, NULL, 7.306, 4, 'MOCK', NULL, NULL);
INSERT INTO tariff
(id, country_id, partner_country_id, hs6_code, rate_pct, tariff_type_id, source, effective_from, effective_to)
VALUES
    (122, 122, NULL, NULL, 8.644, 4, 'MOCK', NULL, NULL);
INSERT INTO tariff
(id, country_id, partner_country_id, hs6_code, rate_pct, tariff_type_id, source, effective_from, effective_to)
VALUES
    (123, 123, NULL, NULL, 14.14, 4, 'MOCK', NULL, NULL);
INSERT INTO tariff
(id, country_id, partner_country_id, hs6_code, rate_pct, tariff_type_id, source, effective_from, effective_to)
VALUES
    (124, 124, NULL, NULL, 13.012, 4, 'MOCK', NULL, NULL);
INSERT INTO tariff
(id, country_id, partner_country_id, hs6_code, rate_pct, tariff_type_id, source, effective_from, effective_to)
VALUES
    (125, 125, NULL, NULL, 5.558, 4, 'MOCK', NULL, NULL);
INSERT INTO tariff
(id, country_id, partner_country_id, hs6_code, rate_pct, tariff_type_id, source, effective_from, effective_to)
VALUES
    (126, 126, NULL, NULL, 13.333, 4, 'MOCK', NULL, NULL);
INSERT INTO tariff
(id, country_id, partner_country_id, hs6_code, rate_pct, tariff_type_id, source, effective_from, effective_to)
VALUES
    (127, 127, NULL, NULL, 3.445, 4, 'MOCK', NULL, NULL);
INSERT INTO tariff
(id, country_id, partner_country_id, hs6_code, rate_pct, tariff_type_id, source, effective_from, effective_to)
VALUES
    (128, 128, NULL, NULL, 7.32, 4, 'MOCK', NULL, NULL);
INSERT INTO tariff
(id, country_id, partner_country_id, hs6_code, rate_pct, tariff_type_id, source, effective_from, effective_to)
VALUES
    (129, 129, NULL, NULL, 9.517, 4, 'MOCK', NULL, NULL);
INSERT INTO tariff
(id, country_id, partner_country_id, hs6_code, rate_pct, tariff_type_id, source, effective_from, effective_to)
VALUES
    (130, 130, NULL, NULL, 4.448, 4, 'MOCK', NULL, NULL);
INSERT INTO tariff
(id, country_id, partner_country_id, hs6_code, rate_pct, tariff_type_id, source, effective_from, effective_to)
VALUES
    (131, 131, NULL, NULL, 5.32, 4, 'MOCK', NULL, NULL);
INSERT INTO tariff
(id, country_id, partner_country_id, hs6_code, rate_pct, tariff_type_id, source, effective_from, effective_to)
VALUES
    (132, 132, NULL, NULL, 2.417, 4, 'MOCK', NULL, NULL);
INSERT INTO tariff
(id, country_id, partner_country_id, hs6_code, rate_pct, tariff_type_id, source, effective_from, effective_to)
VALUES
    (133, 133, NULL, NULL, 6.387, 4, 'MOCK', NULL, NULL);
INSERT INTO tariff
(id, country_id, partner_country_id, hs6_code, rate_pct, tariff_type_id, source, effective_from, effective_to)
VALUES
    (134, 134, NULL, NULL, 9.692, 4, 'MOCK', NULL, NULL);
INSERT INTO tariff
(id, country_id, partner_country_id, hs6_code, rate_pct, tariff_type_id, source, effective_from, effective_to)
VALUES
    (135, 135, NULL, NULL, 2.262, 4, 'MOCK', NULL, NULL);
INSERT INTO tariff
(id, country_id, partner_country_id, hs6_code, rate_pct, tariff_type_id, source, effective_from, effective_to)
VALUES
    (136, 136, NULL, NULL, 14.457, 4, 'MOCK', NULL, NULL);
INSERT INTO tariff
(id, country_id, partner_country_id, hs6_code, rate_pct, tariff_type_id, source, effective_from, effective_to)
VALUES
    (137, 137, NULL, NULL, 3.186, 4, 'MOCK', NULL, NULL);
INSERT INTO tariff
(id, country_id, partner_country_id, hs6_code, rate_pct, tariff_type_id, source, effective_from, effective_to)
VALUES
    (138, 138, NULL, NULL, 7.811, 4, 'MOCK', NULL, NULL);
INSERT INTO tariff
(id, country_id, partner_country_id, hs6_code, rate_pct, tariff_type_id, source, effective_from, effective_to)
VALUES
    (139, 139, NULL, NULL, 2.311, 4, 'MOCK', NULL, NULL);
INSERT INTO tariff
(id, country_id, partner_country_id, hs6_code, rate_pct, tariff_type_id, source, effective_from, effective_to)
VALUES
    (140, 140, NULL, NULL, 12.338, 4, 'MOCK', NULL, NULL);
INSERT INTO tariff
(id, country_id, partner_country_id, hs6_code, rate_pct, tariff_type_id, source, effective_from, effective_to)
VALUES
    (141, 141, NULL, NULL, 13.985, 4, 'MOCK', NULL, NULL);
INSERT INTO tariff
(id, country_id, partner_country_id, hs6_code, rate_pct, tariff_type_id, source, effective_from, effective_to)
VALUES
    (142, 142, NULL, NULL, 10.435, 4, 'MOCK', NULL, NULL);
INSERT INTO tariff
(id, country_id, partner_country_id, hs6_code, rate_pct, tariff_type_id, source, effective_from, effective_to)
VALUES
    (143, 143, NULL, NULL, 5.799, 4, 'MOCK', NULL, NULL);
INSERT INTO tariff
(id, country_id, partner_country_id, hs6_code, rate_pct, tariff_type_id, source, effective_from, effective_to)
VALUES
    (144, 144, NULL, NULL, 12.615, 4, 'MOCK', NULL, NULL);
INSERT INTO tariff
(id, country_id, partner_country_id, hs6_code, rate_pct, tariff_type_id, source, effective_from, effective_to)
VALUES
    (145, 145, NULL, NULL, 2.349, 4, 'MOCK', NULL, NULL);
INSERT INTO tariff
(id, country_id, partner_country_id, hs6_code, rate_pct, tariff_type_id, source, effective_from, effective_to)
VALUES
    (146, 146, NULL, NULL, 3.0, 4, 'MOCK', NULL, NULL);
INSERT INTO tariff
(id, country_id, partner_country_id, hs6_code, rate_pct, tariff_type_id, source, effective_from, effective_to)
VALUES
    (147, 147, NULL, NULL, 7.78, 4, 'MOCK', NULL, NULL);
INSERT INTO tariff
(id, country_id, partner_country_id, hs6_code, rate_pct, tariff_type_id, source, effective_from, effective_to)
VALUES
    (148, 148, NULL, NULL, 11.749, 4, 'MOCK', NULL, NULL);
INSERT INTO tariff
(id, country_id, partner_country_id, hs6_code, rate_pct, tariff_type_id, source, effective_from, effective_to)
VALUES
    (149, 149, NULL, NULL, 3.497, 4, 'MOCK', NULL, NULL);
INSERT INTO tariff
(id, country_id, partner_country_id, hs6_code, rate_pct, tariff_type_id, source, effective_from, effective_to)
VALUES
    (150, 150, NULL, NULL, 9.659, 4, 'MOCK', NULL, NULL);
INSERT INTO tariff
(id, country_id, partner_country_id, hs6_code, rate_pct, tariff_type_id, source, effective_from, effective_to)
VALUES
    (151, 151, NULL, NULL, 4.472, 4, 'MOCK', NULL, NULL);
INSERT INTO tariff
(id, country_id, partner_country_id, hs6_code, rate_pct, tariff_type_id, source, effective_from, effective_to)
VALUES
    (152, 152, NULL, NULL, 13.754, 4, 'MOCK', NULL, NULL);
INSERT INTO tariff
(id, country_id, partner_country_id, hs6_code, rate_pct, tariff_type_id, source, effective_from, effective_to)
VALUES
    (153, 153, NULL, NULL, 6.134, 4, 'MOCK', NULL, NULL);
INSERT INTO tariff
(id, country_id, partner_country_id, hs6_code, rate_pct, tariff_type_id, source, effective_from, effective_to)
VALUES
    (154, 154, NULL, NULL, 8.573, 4, 'MOCK', NULL, NULL);
INSERT INTO tariff
(id, country_id, partner_country_id, hs6_code, rate_pct, tariff_type_id, source, effective_from, effective_to)
VALUES
    (155, 155, NULL, NULL, 8.246, 4, 'MOCK', NULL, NULL);
INSERT INTO tariff
(id, country_id, partner_country_id, hs6_code, rate_pct, tariff_type_id, source, effective_from, effective_to)
VALUES
    (156, 156, NULL, NULL, 12.541, 4, 'MOCK', NULL, NULL);
INSERT INTO tariff
(id, country_id, partner_country_id, hs6_code, rate_pct, tariff_type_id, source, effective_from, effective_to)
VALUES
    (157, 157, NULL, NULL, 10.668, 4, 'MOCK', NULL, NULL);
INSERT INTO tariff
(id, country_id, partner_country_id, hs6_code, rate_pct, tariff_type_id, source, effective_from, effective_to)
VALUES
    (158, 158, NULL, NULL, 11.191, 4, 'MOCK', NULL, NULL);
INSERT INTO tariff
(id, country_id, partner_country_id, hs6_code, rate_pct, tariff_type_id, source, effective_from, effective_to)
VALUES
    (159, 159, NULL, NULL, 7.731, 4, 'MOCK', NULL, NULL);
INSERT INTO tariff
(id, country_id, partner_country_id, hs6_code, rate_pct, tariff_type_id, source, effective_from, effective_to)
VALUES
    (160, 160, NULL, NULL, 14.784, 4, 'MOCK', NULL, NULL);
INSERT INTO tariff
(id, country_id, partner_country_id, hs6_code, rate_pct, tariff_type_id, source, effective_from, effective_to)
VALUES
    (161, 161, NULL, NULL, 4.323, 4, 'MOCK', NULL, NULL);
INSERT INTO tariff
(id, country_id, partner_country_id, hs6_code, rate_pct, tariff_type_id, source, effective_from, effective_to)
VALUES
    (162, 162, NULL, NULL, 11.672, 4, 'MOCK', NULL, NULL);
INSERT INTO tariff
(id, country_id, partner_country_id, hs6_code, rate_pct, tariff_type_id, source, effective_from, effective_to)
VALUES
    (163, 163, NULL, NULL, 10.679, 4, 'MOCK', NULL, NULL);
INSERT INTO tariff
(id, country_id, partner_country_id, hs6_code, rate_pct, tariff_type_id, source, effective_from, effective_to)
VALUES
    (164, 164, NULL, NULL, 10.108, 4, 'MOCK', NULL, NULL);
INSERT INTO tariff
(id, country_id, partner_country_id, hs6_code, rate_pct, tariff_type_id, source, effective_from, effective_to)
VALUES
    (165, 165, NULL, NULL, 11.129, 4, 'MOCK', NULL, NULL);
INSERT INTO tariff
(id, country_id, partner_country_id, hs6_code, rate_pct, tariff_type_id, source, effective_from, effective_to)
VALUES
    (166, 166, NULL, NULL, 8.386, 4, 'MOCK', NULL, NULL);
INSERT INTO tariff
(id, country_id, partner_country_id, hs6_code, rate_pct, tariff_type_id, source, effective_from, effective_to)
VALUES
    (167, 167, NULL, NULL, 2.354, 4, 'MOCK', NULL, NULL);
INSERT INTO tariff
(id, country_id, partner_country_id, hs6_code, rate_pct, tariff_type_id, source, effective_from, effective_to)
VALUES
    (168, 168, NULL, NULL, 3.969, 4, 'MOCK', NULL, NULL);
INSERT INTO tariff
(id, country_id, partner_country_id, hs6_code, rate_pct, tariff_type_id, source, effective_from, effective_to)
VALUES
    (169, 169, NULL, NULL, 14.866, 4, 'MOCK', NULL, NULL);
INSERT INTO tariff
(id, country_id, partner_country_id, hs6_code, rate_pct, tariff_type_id, source, effective_from, effective_to)
VALUES
    (170, 170, NULL, NULL, 13.499, 4, 'MOCK', NULL, NULL);
INSERT INTO tariff
(id, country_id, partner_country_id, hs6_code, rate_pct, tariff_type_id, source, effective_from, effective_to)
VALUES
    (171, 171, NULL, NULL, 6.244, 4, 'MOCK', NULL, NULL);
INSERT INTO tariff
(id, country_id, partner_country_id, hs6_code, rate_pct, tariff_type_id, source, effective_from, effective_to)
VALUES
    (172, 172, NULL, NULL, 9.665, 4, 'MOCK', NULL, NULL);
INSERT INTO tariff
(id, country_id, partner_country_id, hs6_code, rate_pct, tariff_type_id, source, effective_from, effective_to)
VALUES
    (173, 173, NULL, NULL, 13.135, 4, 'MOCK', NULL, NULL);
INSERT INTO tariff
(id, country_id, partner_country_id, hs6_code, rate_pct, tariff_type_id, source, effective_from, effective_to)
VALUES
    (174, 174, NULL, NULL, 8.547, 4, 'MOCK', NULL, NULL);
INSERT INTO tariff
(id, country_id, partner_country_id, hs6_code, rate_pct, tariff_type_id, source, effective_from, effective_to)
VALUES
    (175, 175, NULL, NULL, 5.715, 4, 'MOCK', NULL, NULL);
INSERT INTO tariff
(id, country_id, partner_country_id, hs6_code, rate_pct, tariff_type_id, source, effective_from, effective_to)
VALUES
    (176, 176, NULL, NULL, 12.966, 4, 'MOCK', NULL, NULL);
INSERT INTO tariff
(id, country_id, partner_country_id, hs6_code, rate_pct, tariff_type_id, source, effective_from, effective_to)
VALUES
    (177, 177, NULL, NULL, 9.282, 4, 'MOCK', NULL, NULL);
INSERT INTO tariff
(id, country_id, partner_country_id, hs6_code, rate_pct, tariff_type_id, source, effective_from, effective_to)
VALUES
    (178, 178, NULL, NULL, 4.211, 4, 'MOCK', NULL, NULL);
INSERT INTO tariff
(id, country_id, partner_country_id, hs6_code, rate_pct, tariff_type_id, source, effective_from, effective_to)
VALUES
    (179, 179, NULL, NULL, 9.623, 4, 'MOCK', NULL, NULL);
INSERT INTO tariff
(id, country_id, partner_country_id, hs6_code, rate_pct, tariff_type_id, source, effective_from, effective_to)
VALUES
    (180, 180, NULL, NULL, 4.0, 4, 'MOCK', NULL, NULL);
INSERT INTO tariff
(id, country_id, partner_country_id, hs6_code, rate_pct, tariff_type_id, source, effective_from, effective_to)
VALUES
    (181, 181, NULL, NULL, 5.546, 4, 'MOCK', NULL, NULL);
INSERT INTO tariff
(id, country_id, partner_country_id, hs6_code, rate_pct, tariff_type_id, source, effective_from, effective_to)
VALUES
    (182, 182, NULL, NULL, 7.162, 4, 'MOCK', NULL, NULL);
INSERT INTO tariff
(id, country_id, partner_country_id, hs6_code, rate_pct, tariff_type_id, source, effective_from, effective_to)
VALUES
    (183, 183, NULL, NULL, 10.926, 4, 'MOCK', NULL, NULL);
INSERT INTO tariff
(id, country_id, partner_country_id, hs6_code, rate_pct, tariff_type_id, source, effective_from, effective_to)
VALUES
    (184, 184, NULL, NULL, 11.802, 4, 'MOCK', NULL, NULL);
INSERT INTO tariff
(id, country_id, partner_country_id, hs6_code, rate_pct, tariff_type_id, source, effective_from, effective_to)
VALUES
    (185, 185, NULL, NULL, 8.976, 4, 'MOCK', NULL, NULL);
INSERT INTO tariff
(id, country_id, partner_country_id, hs6_code, rate_pct, tariff_type_id, source, effective_from, effective_to)
VALUES
    (186, 186, NULL, NULL, 13.716, 4, 'MOCK', NULL, NULL);
INSERT INTO tariff
(id, country_id, partner_country_id, hs6_code, rate_pct, tariff_type_id, source, effective_from, effective_to)
VALUES
    (187, 187, NULL, NULL, 2.644, 4, 'MOCK', NULL, NULL);
INSERT INTO tariff
(id, country_id, partner_country_id, hs6_code, rate_pct, tariff_type_id, source, effective_from, effective_to)
VALUES
    (188, 188, NULL, NULL, 13.772, 4, 'MOCK', NULL, NULL);
INSERT INTO tariff
(id, country_id, partner_country_id, hs6_code, rate_pct, tariff_type_id, source, effective_from, effective_to)
VALUES
    (189, 189, NULL, NULL, 9.231, 4, 'MOCK', NULL, NULL);
INSERT INTO tariff
(id, country_id, partner_country_id, hs6_code, rate_pct, tariff_type_id, source, effective_from, effective_to)
VALUES
    (190, 190, NULL, NULL, 14.812, 4, 'MOCK', NULL, NULL);
INSERT INTO tariff
(id, country_id, partner_country_id, hs6_code, rate_pct, tariff_type_id, source, effective_from, effective_to)
VALUES
    (191, 191, NULL, NULL, 12.531, 4, 'MOCK', NULL, NULL);
INSERT INTO tariff
(id, country_id, partner_country_id, hs6_code, rate_pct, tariff_type_id, source, effective_from, effective_to)
VALUES
    (192, 192, NULL, NULL, 13.523, 4, 'MOCK', NULL, NULL);
INSERT INTO tariff
(id, country_id, partner_country_id, hs6_code, rate_pct, tariff_type_id, source, effective_from, effective_to)
VALUES
    (193, 193, NULL, NULL, 9.354, 4, 'MOCK', NULL, NULL);
INSERT INTO tariff
(id, country_id, partner_country_id, hs6_code, rate_pct, tariff_type_id, source, effective_from, effective_to)
VALUES
    (194, 194, NULL, NULL, 7.081, 4, 'MOCK', NULL, NULL);
INSERT INTO tariff
(id, country_id, partner_country_id, hs6_code, rate_pct, tariff_type_id, source, effective_from, effective_to)
VALUES
    (195, 195, NULL, NULL, 9.712, 4, 'MOCK', NULL, NULL);
INSERT INTO tariff
(id, country_id, partner_country_id, hs6_code, rate_pct, tariff_type_id, source, effective_from, effective_to)
VALUES
    (196, 196, NULL, NULL, 6.01, 4, 'MOCK', NULL, NULL);
INSERT INTO tariff
(id, country_id, partner_country_id, hs6_code, rate_pct, tariff_type_id, source, effective_from, effective_to)
VALUES
    (197, 197, NULL, NULL, 5.805, 4, 'MOCK', NULL, NULL);
INSERT INTO tariff
(id, country_id, partner_country_id, hs6_code, rate_pct, tariff_type_id, source, effective_from, effective_to)
VALUES
    (198, 198, NULL, NULL, 13.495, 4, 'MOCK', NULL, NULL);
INSERT INTO tariff
(id, country_id, partner_country_id, hs6_code, rate_pct, tariff_type_id, source, effective_from, effective_to)
VALUES
    (199, 199, NULL, NULL, 10.738, 4, 'MOCK', NULL, NULL);
INSERT INTO tariff
(id, country_id, partner_country_id, hs6_code, rate_pct, tariff_type_id, source, effective_from, effective_to)
VALUES
    (200, 200, NULL, NULL, 5.833, 4, 'MOCK', NULL, NULL);
INSERT INTO tariff
(id, country_id, partner_country_id, hs6_code, rate_pct, tariff_type_id, source, effective_from, effective_to)
VALUES
    (201, 201, NULL, NULL, 14.47, 4, 'MOCK', NULL, NULL);
INSERT INTO tariff
(id, country_id, partner_country_id, hs6_code, rate_pct, tariff_type_id, source, effective_from, effective_to)
VALUES
    (202, 202, NULL, NULL, 11.521, 4, 'MOCK', NULL, NULL);
INSERT INTO tariff
(id, country_id, partner_country_id, hs6_code, rate_pct, tariff_type_id, source, effective_from, effective_to)
VALUES
    (203, 203, NULL, NULL, 4.545, 4, 'MOCK', NULL, NULL);
INSERT INTO tariff
(id, country_id, partner_country_id, hs6_code, rate_pct, tariff_type_id, source, effective_from, effective_to)
VALUES
    (204, 204, NULL, NULL, 4.317, 4, 'MOCK', NULL, NULL);
INSERT INTO tariff
(id, country_id, partner_country_id, hs6_code, rate_pct, tariff_type_id, source, effective_from, effective_to)
VALUES
    (205, 205, NULL, NULL, 10.854, 4, 'MOCK', NULL, NULL);
INSERT INTO tariff
(id, country_id, partner_country_id, hs6_code, rate_pct, tariff_type_id, source, effective_from, effective_to)
VALUES
    (206, 206, NULL, NULL, 13.356, 4, 'MOCK', NULL, NULL);
INSERT INTO tariff
(id, country_id, partner_country_id, hs6_code, rate_pct, tariff_type_id, source, effective_from, effective_to)
VALUES
    (207, 207, NULL, NULL, 12.466, 4, 'MOCK', NULL, NULL);
INSERT INTO tariff
(id, country_id, partner_country_id, hs6_code, rate_pct, tariff_type_id, source, effective_from, effective_to)
VALUES
    (208, 208, NULL, NULL, 7.633, 4, 'MOCK', NULL, NULL);
INSERT INTO tariff
(id, country_id, partner_country_id, hs6_code, rate_pct, tariff_type_id, source, effective_from, effective_to)
VALUES
    (209, 209, NULL, NULL, 13.325, 4, 'MOCK', NULL, NULL);
INSERT INTO tariff
(id, country_id, partner_country_id, hs6_code, rate_pct, tariff_type_id, source, effective_from, effective_to)
VALUES
    (210, 210, NULL, NULL, 3.235, 4, 'MOCK', NULL, NULL);
INSERT INTO tariff
(id, country_id, partner_country_id, hs6_code, rate_pct, tariff_type_id, source, effective_from, effective_to)
VALUES
    (211, 211, NULL, NULL, 13.567, 4, 'MOCK', NULL, NULL);
INSERT INTO tariff
(id, country_id, partner_country_id, hs6_code, rate_pct, tariff_type_id, source, effective_from, effective_to)
VALUES
    (212, 212, NULL, NULL, 11.131, 4, 'MOCK', NULL, NULL);
INSERT INTO tariff
(id, country_id, partner_country_id, hs6_code, rate_pct, tariff_type_id, source, effective_from, effective_to)
VALUES
    (213, 213, NULL, NULL, 11.252, 4, 'MOCK', NULL, NULL);
INSERT INTO tariff
(id, country_id, partner_country_id, hs6_code, rate_pct, tariff_type_id, source, effective_from, effective_to)
VALUES
    (214, 214, NULL, NULL, 6.83, 4, 'MOCK', NULL, NULL);
INSERT INTO tariff
(id, country_id, partner_country_id, hs6_code, rate_pct, tariff_type_id, source, effective_from, effective_to)
VALUES
    (215, 215, NULL, NULL, 13.63, 4, 'MOCK', NULL, NULL);
INSERT INTO tariff
(id, country_id, partner_country_id, hs6_code, rate_pct, tariff_type_id, source, effective_from, effective_to)
VALUES
    (216, 216, NULL, NULL, 14.88, 4, 'MOCK', NULL, NULL);
INSERT INTO tariff
(id, country_id, partner_country_id, hs6_code, rate_pct, tariff_type_id, source, effective_from, effective_to)
VALUES
    (217, 217, NULL, NULL, 8.752, 4, 'MOCK', NULL, NULL);
INSERT INTO tariff
(id, country_id, partner_country_id, hs6_code, rate_pct, tariff_type_id, source, effective_from, effective_to)
VALUES
    (218, 218, NULL, NULL, 6.501, 4, 'MOCK', NULL, NULL);
INSERT INTO tariff
(id, country_id, partner_country_id, hs6_code, rate_pct, tariff_type_id, source, effective_from, effective_to)
VALUES
    (219, 219, NULL, NULL, 4.578, 4, 'MOCK', NULL, NULL);
INSERT INTO tariff
(id, country_id, partner_country_id, hs6_code, rate_pct, tariff_type_id, source, effective_from, effective_to)
VALUES
    (220, 220, NULL, NULL, 10.91, 4, 'MOCK', NULL, NULL);
INSERT INTO tariff
(id, country_id, partner_country_id, hs6_code, rate_pct, tariff_type_id, source, effective_from, effective_to)
VALUES
    (221, 221, NULL, NULL, 8.016, 4, 'MOCK', NULL, NULL);
INSERT INTO tariff
(id, country_id, partner_country_id, hs6_code, rate_pct, tariff_type_id, source, effective_from, effective_to)
VALUES
    (222, 222, NULL, NULL, 14.649, 4, 'MOCK', NULL, NULL);
INSERT INTO tariff
(id, country_id, partner_country_id, hs6_code, rate_pct, tariff_type_id, source, effective_from, effective_to)
VALUES
    (223, 223, NULL, NULL, 9.011, 4, 'MOCK', NULL, NULL);
INSERT INTO tariff
(id, country_id, partner_country_id, hs6_code, rate_pct, tariff_type_id, source, effective_from, effective_to)
VALUES
    (224, 224, NULL, NULL, 7.667, 4, 'MOCK', NULL, NULL);
INSERT INTO tariff
(id, country_id, partner_country_id, hs6_code, rate_pct, tariff_type_id, source, effective_from, effective_to)
VALUES
    (225, 225, NULL, NULL, 9.6, 4, 'MOCK', NULL, NULL);
INSERT INTO tariff
(id, country_id, partner_country_id, hs6_code, rate_pct, tariff_type_id, source, effective_from, effective_to)
VALUES
    (226, 226, NULL, NULL, 9.885, 4, 'MOCK', NULL, NULL);
INSERT INTO tariff
(id, country_id, partner_country_id, hs6_code, rate_pct, tariff_type_id, source, effective_from, effective_to)
VALUES
    (227, 227, NULL, NULL, 2.307, 4, 'MOCK', NULL, NULL);
INSERT INTO tariff
(id, country_id, partner_country_id, hs6_code, rate_pct, tariff_type_id, source, effective_from, effective_to)
VALUES
    (228, 228, NULL, NULL, 5.958, 4, 'MOCK', NULL, NULL);
INSERT INTO tariff
(id, country_id, partner_country_id, hs6_code, rate_pct, tariff_type_id, source, effective_from, effective_to)
VALUES
    (229, 229, NULL, NULL, 4.997, 4, 'MOCK', NULL, NULL);
INSERT INTO tariff
(id, country_id, partner_country_id, hs6_code, rate_pct, tariff_type_id, source, effective_from, effective_to)
VALUES
    (230, 230, NULL, NULL, 12.094, 4, 'MOCK', NULL, NULL);
INSERT INTO tariff
(id, country_id, partner_country_id, hs6_code, rate_pct, tariff_type_id, source, effective_from, effective_to)
VALUES
    (231, 231, NULL, NULL, 7.573, 4, 'MOCK', NULL, NULL);
INSERT INTO tariff
(id, country_id, partner_country_id, hs6_code, rate_pct, tariff_type_id, source, effective_from, effective_to)
VALUES
    (232, 232, NULL, NULL, 2.572, 4, 'MOCK', NULL, NULL);
INSERT INTO tariff
(id, country_id, partner_country_id, hs6_code, rate_pct, tariff_type_id, source, effective_from, effective_to)
VALUES
    (233, 233, NULL, NULL, 8.318, 4, 'MOCK', NULL, NULL);
INSERT INTO tariff
(id, country_id, partner_country_id, hs6_code, rate_pct, tariff_type_id, source, effective_from, effective_to)
VALUES
    (234, 234, NULL, NULL, 10.745, 4, 'MOCK', NULL, NULL);
INSERT INTO tariff
(id, country_id, partner_country_id, hs6_code, rate_pct, tariff_type_id, source, effective_from, effective_to)
VALUES
    (235, 235, NULL, NULL, 9.328, 4, 'MOCK', NULL, NULL);
INSERT INTO tariff
(id, country_id, partner_country_id, hs6_code, rate_pct, tariff_type_id, source, effective_from, effective_to)
VALUES
    (236, 236, NULL, NULL, 2.383, 4, 'MOCK', NULL, NULL);
INSERT INTO tariff
(id, country_id, partner_country_id, hs6_code, rate_pct, tariff_type_id, source, effective_from, effective_to)
VALUES
    (237, 237, NULL, NULL, 2.927, 4, 'MOCK', NULL, NULL);
INSERT INTO tariff
(id, country_id, partner_country_id, hs6_code, rate_pct, tariff_type_id, source, effective_from, effective_to)
VALUES
    (238, 238, NULL, NULL, 14.239, 4, 'MOCK', NULL, NULL);
INSERT INTO tariff
(id, country_id, partner_country_id, hs6_code, rate_pct, tariff_type_id, source, effective_from, effective_to)
VALUES
    (239, 239, NULL, NULL, 7.659, 4, 'MOCK', NULL, NULL);
INSERT INTO tariff
(id, country_id, partner_country_id, hs6_code, rate_pct, tariff_type_id, source, effective_from, effective_to)
VALUES
    (240, 240, NULL, NULL, 7.825, 4, 'MOCK', NULL, NULL);
INSERT INTO tariff
(id, country_id, partner_country_id, hs6_code, rate_pct, tariff_type_id, source, effective_from, effective_to)
VALUES
    (241, 241, NULL, NULL, 13.478, 4, 'MOCK', NULL, NULL);
INSERT INTO tariff
(id, country_id, partner_country_id, hs6_code, rate_pct, tariff_type_id, source, effective_from, effective_to)
VALUES
    (242, 242, NULL, NULL, 8.443, 4, 'MOCK', NULL, NULL);
INSERT INTO tariff
(id, country_id, partner_country_id, hs6_code, rate_pct, tariff_type_id, source, effective_from, effective_to)
VALUES
    (243, 243, NULL, NULL, 7.945, 4, 'MOCK', NULL, NULL);
INSERT INTO tariff
(id, country_id, partner_country_id, hs6_code, rate_pct, tariff_type_id, source, effective_from, effective_to)
VALUES
    (244, 244, NULL, NULL, 5.818, 4, 'MOCK', NULL, NULL);
INSERT INTO tariff
(id, country_id, partner_country_id, hs6_code, rate_pct, tariff_type_id, source, effective_from, effective_to)
VALUES
    (245, 245, NULL, NULL, 9.125, 4, 'MOCK', NULL, NULL);
INSERT INTO tariff
(id, country_id, partner_country_id, hs6_code, rate_pct, tariff_type_id, source, effective_from, effective_to)
VALUES
    (246, 246, NULL, NULL, 5.554, 4, 'MOCK', NULL, NULL);
INSERT INTO tariff
(id, country_id, partner_country_id, hs6_code, rate_pct, tariff_type_id, source, effective_from, effective_to)
VALUES
    (247, 247, NULL, NULL, 9.581, 4, 'MOCK', NULL, NULL);
INSERT INTO tariff
(id, country_id, partner_country_id, hs6_code, rate_pct, tariff_type_id, source, effective_from, effective_to)
VALUES
    (248, 248, NULL, NULL, 14.502, 4, 'MOCK', NULL, NULL);
INSERT INTO tariff
(id, country_id, partner_country_id, hs6_code, rate_pct, tariff_type_id, source, effective_from, effective_to)
VALUES
    (249, 249, NULL, NULL, 3.895, 4, 'MOCK', NULL, NULL);